# theta1,theta2 in radians, 100 Hz
-0.5921495812,1.3258454175
-0.5921495812,1.3258539768
-0.5921495812,1.3258625361
-0.5921495812,1.3258710955
-0.5921495812,1.3258796548
-0.5921495812,1.3258882141
-0.5921495812,1.3258967734
-0.5921495812,1.3259053327
-0.5921495812,1.3259138920
-0.5921495812,1.3259224513
-0.5921495812,1.3259310106
-0.5921495812,1.3259395700
-0.5921495812,1.3259481293
-0.5921495812,1.3259566886
-0.5921495812,1.3259652479
-0.5921495812,1.3259738072
-0.5921495812,1.3259823665
-0.5921495812,1.3259909258
-0.5921495812,1.3259994851
-0.5921495812,1.3260080445
-0.5921495812,1.3260166038
-0.5921495812,1.3260251631
-0.5921495812,1.3260337224
-0.5921495812,1.3260422817
-0.5921495812,1.3260508410
-0.5921495812,1.3260594003
-0.5921495812,1.3260679596
-0.5921495812,1.3260765190
-0.5921495812,1.3260850783
-0.5921495812,1.3260936376
-0.5921495812,1.3261021969
-0.5921495812,1.3261107562
-0.5921495812,1.3261193155
-0.5921495812,1.3261278748
-0.5921495812,1.3261364341
-0.5921495812,1.3261449935
-0.5921495812,1.3261535528
-0.5921495812,1.3261621121
-0.5921495812,1.3261706714
-0.5921495812,1.3261792307
-0.5921495812,1.3261877900
-0.5921495812,1.3261963493
-0.5921495812,1.3262049087
-0.5921495812,1.3262134680
-0.5921495812,1.3262220273
-0.5921495812,1.3262305866
-0.5921495812,1.3262391459
-0.5921495812,1.3262477052
-0.5921495812,1.3262562645
-0.5921495812,1.3262648238
-0.5921495812,1.3262733832
-0.5921495812,1.3262819425
-0.5921495812,1.3262905018
-0.5921495812,1.3262990611
-0.5921495812,1.3263076204
-0.5921495812,1.3263161797
-0.5921495812,1.3263247390
-0.5921495812,1.3263332983
-0.5921495812,1.3263418577
-0.5921495812,1.3263504170
-0.5921495812,1.3263589763
-0.5921495812,1.3263675356
-0.5921495812,1.3263760949
-0.5921495812,1.3263846542
-0.5921495812,1.3263932135
-0.5921495812,1.3264017728
-0.5921495812,1.3264103322
-0.5921495812,1.3264188915
-0.5921495812,1.3264274508
-0.5921495812,1.3264360101
-0.5921495812,1.3264445694
-0.5921495812,1.3264531287
-0.5921495812,1.3264616880
-0.5921495812,1.3264702473
-0.5921495812,1.3264788067
-0.5921495812,1.3264873660
-0.5921495812,1.3264959253
-0.5921495812,1.3265044846
-0.5921495812,1.3265130439
-0.5921495812,1.3265216032
-0.5921495812,1.3265301625
-0.5921495812,1.3265387218
-0.5921495812,1.3265472812
-0.5921495812,1.3265558405
-0.5921495812,1.3265643998
-0.5921495812,1.3265729591
-0.5921495812,1.3265815184
-0.5921495812,1.3265900777
-0.5921495812,1.3265986370
-0.5921495812,1.3266071963
-0.5921495812,1.3266157557
-0.5921495812,1.3266243150
-0.5921495812,1.3266328743
-0.5921495812,1.3266414336
-0.5921495812,1.3266499929
-0.5921495812,1.3266585522
-0.5921495812,1.3266671115
-0.5921495812,1.3266756708
-0.5921495812,1.3266842302
-0.5921495812,1.3266927895
-0.5921495812,1.3267013488
-0.5921495812,1.3267099081
-0.5921495812,1.3267184674
-0.5921495812,1.3267270267
-0.5921495812,1.3267355860
-0.5921495812,1.3267441453
-0.5921495812,1.3267527047
-0.5921495812,1.3267612640
-0.5921495812,1.3267698233
-0.5921495812,1.3267783826
-0.5921495812,1.3267869419
-0.5921495812,1.3267955012
-0.5921495812,1.3268040605
-0.5921495812,1.3268126198
-0.5921495812,1.3268211792
-0.5921495812,1.3268297385
-0.5921495812,1.3268382978
-0.5921495812,1.3268468571
-0.5921495812,1.3268554164
-0.5921495812,1.3268639757
-0.5921495812,1.3268725350
-0.5921495812,1.3268810943
-0.5921495812,1.3268896537
-0.5921495812,1.3268982130
-0.5921495812,1.3269067723
-0.5921495812,1.3269153316
-0.5921495812,1.3269238909
-0.5921495812,1.3269324502
-0.5921495812,1.3269410095
-0.5921495812,1.3269495688
-0.5921495812,1.3269581282
-0.5921495812,1.3269666875
-0.5921495812,1.3269752468
-0.5921495812,1.3269838061
-0.5921495812,1.3269923654
-0.5921495812,1.3270009247
-0.5921495812,1.3270094840
-0.5921495812,1.3270180434
-0.5921495812,1.3270266027
-0.5921495812,1.3270351620
-0.5921495812,1.3270437213
-0.5921495812,1.3270522806
-0.5921495812,1.3270608399
-0.5921495812,1.3270693992
-0.5921495812,1.3270779585
-0.5921495812,1.3270865179
-0.5921495812,1.3270950772
-0.5921495812,1.3271036365
-0.5921495812,1.3271121958
-0.5921495812,1.3271207551
-0.5921495812,1.3271293144
-0.5921495812,1.3271378737
-0.5921495812,1.3271464330
-0.5921495812,1.3271549924
-0.5921495812,1.3271635517
-0.5921495812,1.3271721110
-0.5921495812,1.3271806703
-0.5921495812,1.3271892296
-0.5921495812,1.3271977889
-0.5921495812,1.3272063482
-0.5921495812,1.3272149075
-0.5921495812,1.3272234669
-0.5921495812,1.3272320262
-0.5921495812,1.3272405855
-0.5921495812,1.3272491448
-0.5921495812,1.3272577041
-0.5921495812,1.3272662634
-0.5921495812,1.3272748227
-0.5921495812,1.3272833820
-0.5921495812,1.3272919414
-0.5921495812,1.3273005007
-0.5921495812,1.3273090600
-0.5921495812,1.3273176193
-0.5921495812,1.3273261786
-0.5921495812,1.3273347379
-0.5921495812,1.3273432972
-0.5921495812,1.3273518565
-0.5921495812,1.3273604159
-0.5921495812,1.3273689752
-0.5921495812,1.3273775345
-0.5921495812,1.3273860938
-0.5921495812,1.3273946531
-0.5921495812,1.3274032124
-0.5921495812,1.3274117717
-0.5921495812,1.3274203310
-0.5921495812,1.3274288904
-0.5921495812,1.3274374497
-0.5921495812,1.3274460090
-0.5921495812,1.3274545683
-0.5921495812,1.3274631276
-0.5921495812,1.3274716869
-0.5921495812,1.3274802462
-0.5921495812,1.3274888055
-0.5921495812,1.3274973649
-0.5921495812,1.3275059242
-0.5921495812,1.3275144835
-0.5921495812,1.3275230428
-0.5921495812,1.3275316021
-0.5921495812,1.3275401614
-0.5921495812,1.3275487207
-0.5921495812,1.3275572800
-0.5921495812,1.3275658394
-0.5921495812,1.3275743987
-0.5921495812,1.3275829580
-0.5921495812,1.3275915173
-0.5921495812,1.3276000766
-0.5921495812,1.3276086359
-0.5921495812,1.3276171952
-0.5921495812,1.3276257545
-0.5921495812,1.3276343139
-0.5921495812,1.3276428732
-0.5921495812,1.3276514325
-0.5921495812,1.3276599918
-0.5921495812,1.3276685511
-0.5921495812,1.3276771104
-0.5921495812,1.3276856697
-0.5921495812,1.3276942290
-0.5921495812,1.3277027884
-0.5921495812,1.3277113477
-0.5921495812,1.3277199070
-0.5921495812,1.3277284663
-0.5921495812,1.3277370256
-0.5921495812,1.3277455849
-0.5921495812,1.3277541442
-0.5921495812,1.3277627036
-0.5921495812,1.3277712629
-0.5921495812,1.3277798222
-0.5921495812,1.3277883815
-0.5921495812,1.3277969408
-0.5921495812,1.3278055001
-0.5921495812,1.3278140594
-0.5921495812,1.3278226187
-0.5921495812,1.3278311781
-0.5921495812,1.3278397374
-0.5921495812,1.3278482967
-0.5921495812,1.3278568560
-0.5921495812,1.3278654153
-0.5921495812,1.3278739746
-0.5921495812,1.3278825339
-0.5921495812,1.3278910932
-0.5921495812,1.3278996526
-0.5921495812,1.3279082119
-0.5921495812,1.3279167712
-0.5921495812,1.3279253305
-0.5921495812,1.3279338898
-0.5921495812,1.3279424491
-0.5921495812,1.3279510084
-0.5921495812,1.3279595677
-0.5921495812,1.3279681271
-0.5921495812,1.3279766864
-0.5921495812,1.3279852457
-0.5921495812,1.3279938050
-0.5921495812,1.3280023643
-0.5921495812,1.3280109236
-0.5921495812,1.3280194829
-0.5921495812,1.3280280422
-0.5921495812,1.3280366016
-0.5921495812,1.3280451609
-0.5921495812,1.3280537202
-0.5921495812,1.3280622795
-0.5921495812,1.3280708388
-0.5921495812,1.3280793981
-0.5921495812,1.3280879574
-0.5921495812,1.3280965167
-0.5921495812,1.3281050761
-0.5921495812,1.3281136354
-0.5921495812,1.3281221947
-0.5921495812,1.3281307540
-0.5921495812,1.3281393133
-0.5921495812,1.3281478726
-0.5921495812,1.3281564319
-0.5921495812,1.3281649912
-0.5921495812,1.3281735506
-0.5921495812,1.3281821099
-0.5921495812,1.3281906692
-0.5921495812,1.3281992285
-0.5921495812,1.3282077878
-0.5921495812,1.3282163471
-0.5921495812,1.3282249064
-0.5921495812,1.3282334657
-0.5921495812,1.3282420251
-0.5921495812,1.3282505844
-0.5921495812,1.3282591437
-0.5921495812,1.3282677030
-0.5921495812,1.3282762623
-0.5921495812,1.3282848216
-0.5921495812,1.3282933809
-0.5921495812,1.3283019402
-0.5921495812,1.3283104996
-0.5921495812,1.3283190589
-0.5921495812,1.3283276182
-0.5921495812,1.3283361775
-0.5921495812,1.3283447368
-0.5921495812,1.3283532961
-0.5921495812,1.3283618554
-0.5921495812,1.3283704147
-0.5921495812,1.3283789741
-0.5921495812,1.3283875334
-0.5921495812,1.3283960927
-0.5921495812,1.3284046520
-0.5921495812,1.3284132113
-0.5921495812,1.3284217706
-0.5921495812,1.3284303299
-0.5921495812,1.3284388892
-0.5921495812,1.3284474486
-0.5921495812,1.3284560079
-0.5921495812,1.3284645672
-0.5921495812,1.3284731265
-0.5921495812,1.3284816858
-0.5921495812,1.3284902451
-0.5921495812,1.3284988044
-0.5921495812,1.3285073638
-0.5921495812,1.3285159231
-0.5921495812,1.3285244824
-0.5921495812,1.3285330417
-0.5921495812,1.3285416010
-0.5921495812,1.3285501603
-0.5921495812,1.3285587196
-0.5921495812,1.3285672789
-0.5921495812,1.3285758383
-0.5921495812,1.3285843976
-0.5921495812,1.3285929569
-0.5921495812,1.3286015162
-0.5921495812,1.3286100755
-0.5921495812,1.3286186348
-0.5921495812,1.3286271941
-0.5921495812,1.3286357534
-0.5921495812,1.3286443128
-0.5921495812,1.3286528721
-0.5921495812,1.3286614314
-0.5921495812,1.3286699907
-0.5921495812,1.3286785500
-0.5921495812,1.3286871093
-0.5921495812,1.3286956686
-0.5921495812,1.3287042279
-0.5921495812,1.3287127873
-0.5921495812,1.3287213466
-0.5921495812,1.3287299059
-0.5921495812,1.3287384652
-0.5921495812,1.3287470245
-0.5921495812,1.3287555838
-0.5921495812,1.3287641431
-0.5921495812,1.3287727024
-0.5921495812,1.3287812618
-0.5921495812,1.3287898211
-0.5921495812,1.3287983804
-0.5921495812,1.3288069397
-0.5921495812,1.3288154990
-0.5921495812,1.3288240583
-0.5921495812,1.3288326176
-0.5921495812,1.3288411769
-0.5921495812,1.3288497363
-0.5921495812,1.3288582956
-0.5921495812,1.3288668549
-0.5921495812,1.3288754142
-0.5921495812,1.3288839735
-0.5921495812,1.3288925328
-0.5921495812,1.3289010921
-0.5921495812,1.3289096514
-0.5921495812,1.3289182108
-0.5921495812,1.3289267701
-0.5921495812,1.3289353294
-0.5921495812,1.3289438887
-0.5921495812,1.3289524480
-0.5921495812,1.3289610073
-0.5921495812,1.3289695666
-0.5921495812,1.3289781259
-0.5921495812,1.3289866853
-0.5921495812,1.3289952446
-0.5921495812,1.3290038039
-0.5921495812,1.3290123632
-0.5921495812,1.3290209225
-0.5921495812,1.3290294818
-0.5921495812,1.3290380411
-0.5921495812,1.3290466004
-0.5921495812,1.3290551598
-0.5921495812,1.3290637191
-0.5921495812,1.3290722784
-0.5921495812,1.3290808377
-0.5921495812,1.3290893970
-0.5921495812,1.3290979563
-0.5921495812,1.3291065156
-0.5921495812,1.3291150749
-0.5921495812,1.3291236343
-0.5921495812,1.3291321936
-0.5921495812,1.3291407529
-0.5921495812,1.3291493122
-0.5921495812,1.3291578715
-0.5921495812,1.3291664308
-0.5921495812,1.3291749901
-0.5921495812,1.3291835494
-0.5921495812,1.3291921088
-0.5921495812,1.3292006681
-0.5921495812,1.3292092274
-0.5921495812,1.3292177867
-0.5921495812,1.3292263460
-0.5921495812,1.3292349053
-0.5921495812,1.3292434646
-0.5921495812,1.3292520239
-0.5921495812,1.3292605833
-0.5921495812,1.3292691426
-0.5921495812,1.3292777019
-0.5921495812,1.3292862612
-0.5921495812,1.3292948205
-0.5921495812,1.3293033798
-0.5921495812,1.3293119391
-0.5921495812,1.3293204985
-0.5921495812,1.3293290578
-0.5921495812,1.3293376171
-0.5921495812,1.3293461764
-0.5921495812,1.3293547357
-0.5921495812,1.3293632950
-0.5921495812,1.3293718543
-0.5921495812,1.3293804136
-0.5921495812,1.3293889730
-0.5921495812,1.3293975323
-0.5921495812,1.3294060916
-0.5921495812,1.3294146509
-0.5921495812,1.3294232102
-0.5921495812,1.3294317695
-0.5921495812,1.3294403288
-0.5921495812,1.3294488881
-0.5921495812,1.3294574475
-0.5921495812,1.3294660068
-0.5921495812,1.3294745661
-0.5921495812,1.3294831254
-0.5921495812,1.3294916847
-0.5921495812,1.3295002440
-0.5921495812,1.3295088033
-0.5921495812,1.3295173626
-0.5921495812,1.3295259220
-0.5921495812,1.3295344813
-0.5921495812,1.3295430406
-0.5921495812,1.3295515999
-0.5921495812,1.3295601592
-0.5921495812,1.3295687185
-0.5921495812,1.3295772778
-0.5921495812,1.3295858371
-0.5921495812,1.3295943965
-0.5921495812,1.3296029558
-0.5921495812,1.3296115151
-0.5921495812,1.3296200744
-0.5921495812,1.3296286337
-0.5921495812,1.3296371930
-0.5921495812,1.3296457523
-0.5921495812,1.3296543116
-0.5921495812,1.3296628710
-0.5921495812,1.3296714303
-0.5921495812,1.3296799896
-0.5921495812,1.3296885489
-0.5921495812,1.3296971082
-0.5921495812,1.3297056675
-0.5921495812,1.3297142268
-0.5921495812,1.3297227861
-0.5921495812,1.3297313455
-0.5921495812,1.3297399048
-0.5921495812,1.3297484641
-0.5921495812,1.3297570234
-0.5921495812,1.3297655827
-0.5921495812,1.3297741420
-0.5921495812,1.3297827013
-0.5921495812,1.3297912606
-0.5921495812,1.3297998200
-0.5921495812,1.3298083793
-0.5921495812,1.3298169386
-0.5921495812,1.3298254979
-0.5921495812,1.3298340572
-0.5921495812,1.3298426165
-0.5921495812,1.3298511758
-0.5921495812,1.3298597351
-0.5921495812,1.3298682945
-0.5921495812,1.3298768538
-0.5921495812,1.3298854131
-0.5921495812,1.3298939724
-0.5921495812,1.3299025317
-0.5921495812,1.3299110910
-0.5921495812,1.3299196503
-0.5921495812,1.3299282096
-0.5921495812,1.3299367690
-0.5921495812,1.3299453283
-0.5921495812,1.3299538876
-0.5921495812,1.3299624469
-0.5921495812,1.3299710062
-0.5921495812,1.3299795655
-0.5921495812,1.3299881248
-0.5921495812,1.3299966841
-0.5921495812,1.3300052435
-0.5921495812,1.3300138028
-0.5921495812,1.3300223621
-0.5921495812,1.3300309214
-0.5921495812,1.3300394807
-0.5921495812,1.3300480400
-0.5921495812,1.3300565993
-0.5921495812,1.3300651587
-0.5921495812,1.3300737180
-0.5921495812,1.3300822773
-0.5921495812,1.3300908366
-0.5921495812,1.3300993959
-0.5921495812,1.3301079552
-0.5921495812,1.3301165145
-0.5921495812,1.3301250738
-0.5921495812,1.3301336332
-0.5921495812,1.3301421925
-0.5921495812,1.3301507518
-0.5921495812,1.3301593111
-0.5921495812,1.3301678704
-0.5921495812,1.3301764297
-0.5921495812,1.3301849890
-0.5921495812,1.3301935483
-0.5921495812,1.3302021077
-0.5921495812,1.3302106670
-0.5921495812,1.3302192263
-0.5921495812,1.3302277856
-0.5921495812,1.3302363449
-0.5921495812,1.3302449042
-0.5921495812,1.3302534635
-0.5921495812,1.3302620228
-0.5921495812,1.3302705822
-0.5921495812,1.3302791415
-0.5921495812,1.3302877008
-0.5921495812,1.3302962601
-0.5921495812,1.3303048194
-0.5921495812,1.3303133787
-0.5921495812,1.3303219380
-0.5921495812,1.3303304973
-0.5921495812,1.3303390567
-0.5921495812,1.3303476160
-0.5921495812,1.3303561753
-0.5921495812,1.3303647346
-0.5921495812,1.3303732939
-0.5921495812,1.3303818532
-0.5921495812,1.3303904125
-0.5921495812,1.3303989718
-0.5921495812,1.3304075312
-0.5921495812,1.3304160905
-0.5921495812,1.3304246498
-0.5921495812,1.3304332091
-0.5921495812,1.3304417684
-0.5921495812,1.3304503277
-0.5921495812,1.3304588870
-0.5921495812,1.3304674463
-0.5921495812,1.3304760057
-0.5921495812,1.3304845650
-0.5921495812,1.3304931243
-0.5921495812,1.3305016836
-0.5921495812,1.3305102429
-0.5921495812,1.3305188022
-0.5921495812,1.3305273615
-0.5921495812,1.3305359208
-0.5921495812,1.3305444802
-0.5921495812,1.3305530395
-0.5921495812,1.3305615988
-0.5921495812,1.3305701581
-0.5921495812,1.3305787174
-0.5921495812,1.3305872767
-0.5921495812,1.3305958360
-0.5921495812,1.3306043953
-0.5921495812,1.3306129547
-0.5921495812,1.3306215140
-0.5921495812,1.3306300733
-0.5921495812,1.3306386326
-0.5921495812,1.3306471919
-0.5921495812,1.3306557512
-0.5921495812,1.3306643105
-0.5921495812,1.3306728698
-0.5921495812,1.3306814292
-0.5921495812,1.3306899885
-0.5921495812,1.3306985478
-0.5921495812,1.3307071071
-0.5921495812,1.3307156664
-0.5921495812,1.3307242257
-0.5921495812,1.3307327850
-0.5921495812,1.3307413443
-0.5921495812,1.3307499037
-0.5921495812,1.3307584630
-0.5921495812,1.3307670223
-0.5921495812,1.3307755816
-0.5921495812,1.3307841409
-0.5921495812,1.3307927002
-0.5921495812,1.3308012595
-0.5921495812,1.3308098188
-0.5921495812,1.3308183782
-0.5921495812,1.3308269375
-0.5921495812,1.3308354968
-0.5921495812,1.3308440561
-0.5921495812,1.3308526154
-0.5921495812,1.3308611747
-0.5921495812,1.3308697340
-0.5921495812,1.3308782934
-0.5921495812,1.3308868527
-0.5921495812,1.3308954120
-0.5921495812,1.3309039713
-0.5921495812,1.3309125306
-0.5921495812,1.3309210899
-0.5921495812,1.3309296492
-0.5921495812,1.3309382085
-0.5921495812,1.3309467679
-0.5921495812,1.3309553272
-0.5921495812,1.3309638865
-0.5921495812,1.3309724458
-0.5921495812,1.3309810051
-0.5921495812,1.3309895644
-0.5921495812,1.3309981237
-0.5921495812,1.3310066830
-0.5921495812,1.3310152424
-0.5921495812,1.3310238017
-0.5921495812,1.3310323610
-0.5921495812,1.3310409203
-0.5921495812,1.3310494796
-0.5921495812,1.3310580389
-0.5921495812,1.3310665982
-0.5921495812,1.3310751575
-0.5921495812,1.3310837169
-0.5921495812,1.3310922762
-0.5921495812,1.3311008355
-0.5921495812,1.3311093948
-0.5921495812,1.3311179541
-0.5921495812,1.3311265134
-0.5921495812,1.3311350727
-0.5921495812,1.3311436320
-0.5921495812,1.3311521914
-0.5921495812,1.3311607507
-0.5921495812,1.3311693100
-0.5921495812,1.3311778693
-0.5921495812,1.3311864286
-0.5921495812,1.3311949879
-0.5921495812,1.3312035472
-0.5921495812,1.3312121065
-0.5921495812,1.3312206659
-0.5921495812,1.3312292252
-0.5921495812,1.3312377845
-0.5921495812,1.3312463438
-0.5921495812,1.3312549031
-0.5921495812,1.3312634624
-0.5921495812,1.3312720217
-0.5921495812,1.3312805810
-0.5921495812,1.3312891404
-0.5921495812,1.3312976997
-0.5921495812,1.3313062590
-0.5921495812,1.3313148183
-0.5921495812,1.3313233776
-0.5921495812,1.3313319369
-0.5921495812,1.3313404962
-0.5921495812,1.3313490555
-0.5921495812,1.3313576149
-0.5921495812,1.3313661742
-0.5921495812,1.3313747335
-0.5921495812,1.3313832928
-0.5921495812,1.3313918521
-0.5921495812,1.3314004114
-0.5921495812,1.3314089707
-0.5921495812,1.3314175300
-0.5921495812,1.3314260894
-0.5921495812,1.3314346487
-0.5921495812,1.3314432080
-0.5921495812,1.3314517673
-0.5921495812,1.3314603266
-0.5921495812,1.3314688859
-0.5921495812,1.3314774452
-0.5921495812,1.3314860045
-0.5921495812,1.3314945639
-0.5921495812,1.3315031232
-0.5921495812,1.3315116825
-0.5921495812,1.3315202418
-0.5921495812,1.3315288011
-0.5921495812,1.3315373604
-0.5921495812,1.3315459197
-0.5921495812,1.3315544790
-0.5921495812,1.3315630384
-0.5921495812,1.3315715977
-0.5921495812,1.3315801570
-0.5921495812,1.3315887163
-0.5921495812,1.3315972756
-0.5921495812,1.3316058349
-0.5921495812,1.3316143942
-0.5921495812,1.3316229536
-0.5921495812,1.3316315129
-0.5921495812,1.3316400722
-0.5921495812,1.3316486315
-0.5921495812,1.3316571908
-0.5921495812,1.3316657501
-0.5921495812,1.3316743094
-0.5921495812,1.3316828687
-0.5921495812,1.3316914281
-0.5921495812,1.3316999874
-0.5921495812,1.3317085467
-0.5921495812,1.3317171060
-0.5921495812,1.3317256653
-0.5921495812,1.3317342246
-0.5921495812,1.3317427839
-0.5921495812,1.3317513432
-0.5921495812,1.3317599026
-0.5921495812,1.3317684619
-0.5921495812,1.3317770212
-0.5921495812,1.3317855805
-0.5921495812,1.3317941398
-0.5921495812,1.3318026991
-0.5921495812,1.3318112584
-0.5921495812,1.3318198177
-0.5921495812,1.3318283771
-0.5921495812,1.3318369364
-0.5921495812,1.3318454957
-0.5921495812,1.3318540550
-0.5921495812,1.3318626143
-0.5921495812,1.3318711736
-0.5921495812,1.3318797329
-0.5921495812,1.3318882922
-0.5921495812,1.3318968516
-0.5921495812,1.3319054109
-0.5921495812,1.3319139702
-0.5921495812,1.3319225295
-0.5921495812,1.3319310888
-0.5921495812,1.3319396481
-0.5921495812,1.3319482074
-0.5921495812,1.3319567667
-0.5921495812,1.3319653261
-0.5921495812,1.3319738854
-0.5921495812,1.3319824447
-0.5921495812,1.3319910040
-0.5921495812,1.3319995633
-0.5921495812,1.3320081226
-0.5921495812,1.3320166819
-0.5921495812,1.3320252412
-0.5921495812,1.3320338006
-0.5921495812,1.3320423599
-0.5921495812,1.3320509192
-0.5921495812,1.3320594785
-0.5921495812,1.3320680378
-0.5921495812,1.3320765971
-0.5921495812,1.3320851564
-0.5921495812,1.3320937157
-0.5921495812,1.3321022751
-0.5921495812,1.3321108344
-0.5921495812,1.3321193937
-0.5921495812,1.3321279530
-0.5921495812,1.3321365123
-0.5921495812,1.3321450716
-0.5921495812,1.3321536309
-0.5921495812,1.3321621902
-0.5921495812,1.3321707496
-0.5921495812,1.3321793089
-0.5921495812,1.3321878682
-0.5921495812,1.3321964275
-0.5921495812,1.3322049868
-0.5921495812,1.3322135461
-0.5921495812,1.3322221054
-0.5921495812,1.3322306647
-0.5921495812,1.3322392241
-0.5921495812,1.3322477834
-0.5921495812,1.3322563427
-0.5921495812,1.3322649020
-0.5921495812,1.3322734613
-0.5921495812,1.3322820206
-0.5921495812,1.3322905799
-0.5921495812,1.3322991392
-0.5921495812,1.3323076986
-0.5921495812,1.3323162579
-0.5921495812,1.3323248172
-0.5921495812,1.3323333765
-0.5921495812,1.3323419358
-0.5921495812,1.3323504951
-0.5921495812,1.3323590544
-0.5921495812,1.3323676138
-0.5921495812,1.3323761731
-0.5921495812,1.3323847324
-0.5921495812,1.3323932917
-0.5921495812,1.3324018510
-0.5921495812,1.3324104103
-0.5921495812,1.3324189696
-0.5921495812,1.3324275289
-0.5921495812,1.3324360883
-0.5921495812,1.3324446476
-0.5921495812,1.3324532069
-0.5921495812,1.3324617662
-0.5921495812,1.3324703255
-0.5921495812,1.3324788848
-0.5921495812,1.3324874441
-0.5921495812,1.3324960034
-0.5921495812,1.3325045628
-0.5921495812,1.3325131221
-0.5921495812,1.3325216814
-0.5921495812,1.3325302407
-0.5921495812,1.3325388000
-0.5921495812,1.3325473593
-0.5921495812,1.3325559186
-0.5921495812,1.3325644779
-0.5921495812,1.3325730373
-0.5921495812,1.3325815966
-0.5921495812,1.3325901559
-0.5921495812,1.3325987152
-0.5921495812,1.3326072745
-0.5921495812,1.3326158338
-0.5921495812,1.3326243931
-0.5921495812,1.3326329524
-0.5921495812,1.3326415118
-0.5921495812,1.3326500711
-0.5921495812,1.3326586304
-0.5921495812,1.3326671897
-0.5921495812,1.3326757490
-0.5921495812,1.3326843083
-0.5921495812,1.3326928676
-0.5921495812,1.3327014269
-0.5921495812,1.3327099863
-0.5921495812,1.3327185456
-0.5921495812,1.3327271049
-0.5921495812,1.3327356642
-0.5921495812,1.3327442235
-0.5921495812,1.3327527828
-0.5921495812,1.3327613421
-0.5921495812,1.3327699014
-0.5921495812,1.3327784608
-0.5921495812,1.3327870201
-0.5921495812,1.3327955794
-0.5921495812,1.3328041387
-0.5921495812,1.3328126980
-0.5921495812,1.3328212573
-0.5921495812,1.3328298166
-0.5921495812,1.3328383759
-0.5921495812,1.3328469353
-0.5921495812,1.3328554946
-0.5921495812,1.3328640539
-0.5921495812,1.3328726132
-0.5921495812,1.3328811725
-0.5921495812,1.3328897318
-0.5921495812,1.3328982911
-0.5921495812,1.3329068504
-0.5921495812,1.3329154098
-0.5921495812,1.3329239691
-0.5921495812,1.3329325284
-0.5921495812,1.3329410877
-0.5921495812,1.3329496470
-0.5921495812,1.3329582063
-0.5921495812,1.3329667656
-0.5921495812,1.3329753249
-0.5921495812,1.3329838843
-0.5921495812,1.3329924436
-0.5921495812,1.3330010029
-0.5921495812,1.3330095622
-0.5921495812,1.3330181215
-0.5921495812,1.3330266808
-0.5921495812,1.3330352401
-0.5921495812,1.3330437994
-0.5921495812,1.3330523588
-0.5921495812,1.3330609181
-0.5921495812,1.3330694774
-0.5921495812,1.3330780367
-0.5921495812,1.3330865960
-0.5921495812,1.3330951553
-0.5921495812,1.3331037146
-0.5921495812,1.3331122739
-0.5921495812,1.3331208333
-0.5921495812,1.3331293926
-0.5921495812,1.3331379519
-0.5921495812,1.3331465112
-0.5921495812,1.3331550705
-0.5921495812,1.3331636298
-0.5921495812,1.3331721891
-0.5921495812,1.3331807485
-0.5921495812,1.3331893078
-0.5921495812,1.3331978671
-0.5921495812,1.3332064264
-0.5921495812,1.3332149857
-0.5921495812,1.3332235450
-0.5921495812,1.3332321043
-0.5921495812,1.3332406636
-0.5921495812,1.3332492230
-0.5921495812,1.3332577823
-0.5921495812,1.3332663416
-0.5921495812,1.3332749009
-0.5921495812,1.3332834602
-0.5921495812,1.3332920195
-0.5921495812,1.3333005788
-0.5921495812,1.3333091381
-0.5921495812,1.3333176975
-0.5921495812,1.3333262568
-0.5921495812,1.3333348161
-0.5921495812,1.3333433754
-0.5921495812,1.3333519347
-0.5921495812,1.3333604940
-0.5921495812,1.3333690533
-0.5921495812,1.3333776126
-0.5921495812,1.3333861720
-0.5921495812,1.3333947313
-0.5921495812,1.3334032906
-0.5921495812,1.3334118499
-0.5921495812,1.3334204092
-0.5921495812,1.3334289685
-0.5921495812,1.3334375278
-0.5921495812,1.3334460871
-0.5921495812,1.3334546465
-0.5921495812,1.3334632058
-0.5921495812,1.3334717651
-0.5921495812,1.3334803244
-0.5921495812,1.3334888837
-0.5921495812,1.3334974430
-0.5921495812,1.3335060023
-0.5921495812,1.3335145616
-0.5921495812,1.3335231210
-0.5921495812,1.3335316803
-0.5921495812,1.3335402396
-0.5921495812,1.3335487989
-0.5921495812,1.3335573582
-0.5921495812,1.3335659175
-0.5921495812,1.3335744768
-0.5921495812,1.3335830361
-0.5921495812,1.3335915955
-0.5921495812,1.3336001548
-0.5921495812,1.3336087141
-0.5921495812,1.3336172734
-0.5921495812,1.3336258327
-0.5921495812,1.3336343920
-0.5921495812,1.3336429513
-0.5921495812,1.3336515106
-0.5921495812,1.3336600700
-0.5921495812,1.3336686293
-0.5921495812,1.3336771886
-0.5921495812,1.3336857479
-0.5921495812,1.3336943072
-0.5921495812,1.3337028665
-0.5921495812,1.3337114258
-0.5921495812,1.3337199851
-0.5921495812,1.3337285445
-0.5921495812,1.3337371038
-0.5921495812,1.3337456631
-0.5921495812,1.3337542224
-0.5921495812,1.3337627817
-0.5921495812,1.3337713410
-0.5921495812,1.3337799003
-0.5921495812,1.3337884596
-0.5921495812,1.3337970190
-0.5921495812,1.3338055783
-0.5921495812,1.3338141376
-0.5921495812,1.3338226969
-0.5921495812,1.3338312562
-0.5921495812,1.3338398155
-0.5921495812,1.3338483748
-0.5921495812,1.3338569341
-0.5921495812,1.3338654935
-0.5921495812,1.3338740528
-0.5921495812,1.3338826121
-0.5921495812,1.3338911714
-0.5921495812,1.3338997307
-0.5921495812,1.3339082900
-0.5921495812,1.3339168493
-0.5921495812,1.3339254087
-0.5921495812,1.3339339680
-0.5921495812,1.3339425273
-0.5921495812,1.3339510866
-0.5921495812,1.3339596459
-0.5921495812,1.3339682052
-0.5921495812,1.3339767645
-0.5921495812,1.3339853238
-0.5921495812,1.3339938832
-0.5921495812,1.3340024425
-0.5921495812,1.3340110018
-0.5921495812,1.3340195611
-0.5921495812,1.3340281204
-0.5921495812,1.3340366797
-0.5921495812,1.3340452390
-0.5921495812,1.3340537983
-0.5921495812,1.3340623577
-0.5921495812,1.3340709170
-0.5921495812,1.3340794763
-0.5921495812,1.3340880356
-0.5921495812,1.3340965949
-0.5921495812,1.3341051542
-0.5921495812,1.3341137135
-0.5921495812,1.3341222728
-0.5921495812,1.3341308322
-0.5921495812,1.3341393915
-0.5921495812,1.3341479508
-0.5921495812,1.3341565101
-0.5921495812,1.3341650694
-0.5921495812,1.3341736287
-0.5921495812,1.3341821880
-0.5921495812,1.3341907473
-0.5921495812,1.3341993067
-0.5921495812,1.3342078660
-0.5921495812,1.3342164253
-0.5921495812,1.3342249846
-0.5921495812,1.3342335439
-0.5921495812,1.3342421032
-0.5921495812,1.3342506625
-0.5921495812,1.3342592218
-0.5921495812,1.3342677812
-0.5921495812,1.3342763405
-0.5921495812,1.3342848998
-0.5921495812,1.3342934591
-0.5921495812,1.3343020184
-0.5921495812,1.3343105777
-0.5921495812,1.3343191370
-0.5921495812,1.3343276963
-0.5921495812,1.3343362557
-0.5921495812,1.3343448150
-0.5921495812,1.3343533743
-0.5921495812,1.3343619336
-0.5921495812,1.3343704929
-0.5921495812,1.3343790522
-0.5921495812,1.3343876115
-0.5921495812,1.3343961708
-0.5921495812,1.3344047302
-0.5921495812,1.3344132895
-0.5921495812,1.3344218488
-0.5921495812,1.3344304081
-0.5921495812,1.3344389674
-0.5921495812,1.3344475267
-0.5921495812,1.3344560860
-0.5921495812,1.3344646453
-0.5921495812,1.3344732047
-0.5921495812,1.3344817640
-0.5921495812,1.3344903233
-0.5921495812,1.3344988826
-0.5921495812,1.3345074419
-0.5921495812,1.3345160012
-0.5921495812,1.3345245605
-0.5921495812,1.3345331198
-0.5921495812,1.3345416792
-0.5921495812,1.3345502385
-0.5921495812,1.3345587978
-0.5921495812,1.3345673571
-0.5921495812,1.3345759164
-0.5921495812,1.3345844757
-0.5921495812,1.3345930350
-0.5921495812,1.3346015943
-0.5921495812,1.3346101537
-0.5921495812,1.3346187130
-0.5921495812,1.3346272723
-0.5921495812,1.3346358316
-0.5921495812,1.3346443909
-0.5921495812,1.3346529502
-0.5921495812,1.3346615095
-0.5921495812,1.3346700688
-0.5921495812,1.3346786282
-0.5921495812,1.3346871875
-0.5921495812,1.3346957468
-0.5921495812,1.3347043061
-0.5921495812,1.3347128654
-0.5921495812,1.3347214247
-0.5921495812,1.3347299840
-0.5921495812,1.3347385434
-0.5921495812,1.3347471027
-0.5921495812,1.3347556620
-0.5921495812,1.3347642213
-0.5921495812,1.3347727806
-0.5921495812,1.3347813399
-0.5921495812,1.3347898992
-0.5921495812,1.3347984585
-0.5921495812,1.3348070179
-0.5921495812,1.3348155772
-0.5921495812,1.3348241365
-0.5921495812,1.3348326958
-0.5921495812,1.3348412551
-0.5921495812,1.3348498144
-0.5921495812,1.3348583737
-0.5921495812,1.3348669330
-0.5921495812,1.3348754924
-0.5921495812,1.3348840517
-0.5921495812,1.3348926110
-0.5921495812,1.3349011703
-0.5921495812,1.3349097296
-0.5921495812,1.3349182889
-0.5921495812,1.3349268482
-0.5921495812,1.3349354075
-0.5921495812,1.3349439669
-0.5921495812,1.3349525262
-0.5921495812,1.3349610855
-0.5921495812,1.3349696448
-0.5921495812,1.3349782041
-0.5921495812,1.3349867634
-0.5921495812,1.3349953227
-0.5921495812,1.3350038820
-0.5921495812,1.3350124414
-0.5921495812,1.3350210007
-0.5921495812,1.3350295600
-0.5921495812,1.3350381193
-0.5921495812,1.3350466786
-0.5921495812,1.3350552379
-0.5921495812,1.3350637972
-0.5921495812,1.3350723565
-0.5921495812,1.3350809159
-0.5921495812,1.3350894752
-0.5921495812,1.3350980345
-0.5921495812,1.3351065938
-0.5921495812,1.3351151531
-0.5921495812,1.3351237124
-0.5921495812,1.3351322717
-0.5921495812,1.3351408310
-0.5921495812,1.3351493904
-0.5921495812,1.3351579497
-0.5921495812,1.3351665090
-0.5921495812,1.3351750683
-0.5921495812,1.3351836276
-0.5921495812,1.3351921869
-0.5921495812,1.3352007462
-0.5921495812,1.3352093055
-0.5921495812,1.3352178649
-0.5921495812,1.3352264242
-0.5921495812,1.3352349835
-0.5921495812,1.3352435428
-0.5921495812,1.3352521021
-0.5921495812,1.3352606614
-0.5921495812,1.3352692207
-0.5921495812,1.3352777800
-0.5921495812,1.3352863394
-0.5921495812,1.3352948987
-0.5921495812,1.3353034580
-0.5921495812,1.3353120173
-0.5921495812,1.3353205766
-0.5921495812,1.3353291359
-0.5921495812,1.3353376952
-0.5921495812,1.3353462545
-0.5921495812,1.3353548139
-0.5921495812,1.3353633732
-0.5921495812,1.3353719325
-0.5921495812,1.3353804918
-0.5921495812,1.3353890511
-0.5921495812,1.3353976104
-0.5921495812,1.3354061697
-0.5921495812,1.3354147290
-0.5921495812,1.3354232884
-0.5921495812,1.3354318477
-0.5921495812,1.3354404070
-0.5921495812,1.3354489663
-0.5921495812,1.3354575256
-0.5921495812,1.3354660849
-0.5921495812,1.3354746442
-0.5921495812,1.3354832036
-0.5921495812,1.3354917629
-0.5921495812,1.3355003222
-0.5921495812,1.3355088815
-0.5921495812,1.3355174408
-0.5921495812,1.3355260001
-0.5921495812,1.3355345594
-0.5921495812,1.3355431187
-0.5921495812,1.3355516781
-0.5921495812,1.3355602374
-0.5921495812,1.3355687967
-0.5921495812,1.3355773560
-0.5921495812,1.3355859153
-0.5921495812,1.3355944746
-0.5921495812,1.3356030339
-0.5921495812,1.3356115932
-0.5921495812,1.3356201526
-0.5921495812,1.3356287119
-0.5921495812,1.3356372712
-0.5921495812,1.3356458305
-0.5921495812,1.3356543898
-0.5921495812,1.3356629491
-0.5921495812,1.3356715084
-0.5921495812,1.3356800677
-0.5921495812,1.3356886271
-0.5921495812,1.3356971864
-0.5921495812,1.3357057457
-0.5921495812,1.3357143050
-0.5921495812,1.3357228643
-0.5921495812,1.3357314236
-0.5921495812,1.3357399829
-0.5921495812,1.3357485422
-0.5921495812,1.3357571016
-0.5921495812,1.3357656609
-0.5921495812,1.3357742202
-0.5921495812,1.3357827795
-0.5921495812,1.3357913388
-0.5921495812,1.3357998981
-0.5921495812,1.3358084574
-0.5921495812,1.3358170167
-0.5921495812,1.3358255761
-0.5921495812,1.3358341354
-0.5921495812,1.3358426947
-0.5921495812,1.3358512540
-0.5921495812,1.3358598133
-0.5921495812,1.3358683726
-0.5921495812,1.3358769319
-0.5921495812,1.3358854912
-0.5921495812,1.3358940506
-0.5921495812,1.3359026099
-0.5921495812,1.3359111692
-0.5921495812,1.3359197285
-0.5921495812,1.3359282878
-0.5921495812,1.3359368471
-0.5921495812,1.3359454064
-0.5921495812,1.3359539657
-0.5921495812,1.3359625251
-0.5921495812,1.3359710844
-0.5921495812,1.3359796437
-0.5921495812,1.3359882030
-0.5921495812,1.3359967623
-0.5921495812,1.3360053216
-0.5921495812,1.3360138809
-0.5921495812,1.3360224402
-0.5921495812,1.3360309996
-0.5921495812,1.3360395589
-0.5921495812,1.3360481182
-0.5921495812,1.3360566775
-0.5921495812,1.3360652368
-0.5921495812,1.3360737961
-0.5921495812,1.3360823554
-0.5921495812,1.3360909147
-0.5921495812,1.3360994741
-0.5921495812,1.3361080334
-0.5921495812,1.3361165927
-0.5921495812,1.3361251520
-0.5921495812,1.3361337113
-0.5921495812,1.3361422706
-0.5921495812,1.3361508299
-0.5921495812,1.3361593892
-0.5921495812,1.3361679486
-0.5921495812,1.3361765079
-0.5921495812,1.3361850672
-0.5921495812,1.3361936265
-0.5921495812,1.3362021858
-0.5921495812,1.3362107451
-0.5921495812,1.3362193044
-0.5921495812,1.3362278638
-0.5921495812,1.3362364231
-0.5921495812,1.3362449824
-0.5921495812,1.3362535417
-0.5921495812,1.3362621010
-0.5921495812,1.3362706603
-0.5921495812,1.3362792196
-0.5921495812,1.3362877789
-0.5921495812,1.3362963383
-0.5921495812,1.3363048976
-0.5921495812,1.3363134569
-0.5921495812,1.3363220162
-0.5921495812,1.3363305755
-0.5921495812,1.3363391348
-0.5921495812,1.3363476941
-0.5921495812,1.3363562534
-0.5921495812,1.3363648128
-0.5921495812,1.3363733721
-0.5921495812,1.3363819314
-0.5921495812,1.3363904907
-0.5921495812,1.3363990500
-0.5921495812,1.3364076093
-0.5921495812,1.3364161686
-0.5921495812,1.3364247279
-0.5921495812,1.3364332873
-0.5921495812,1.3364418466
-0.5921495812,1.3364504059
-0.5921495812,1.3364589652
-0.5921495812,1.3364675245
-0.5921495812,1.3364760838
-0.5921495812,1.3364846431
-0.5921495812,1.3364932024
-0.5921495812,1.3365017618
-0.5921495812,1.3365103211
-0.5921495812,1.3365188804
-0.5921495812,1.3365274397
-0.5921495812,1.3365359990
-0.5921495812,1.3365445583
-0.5921495812,1.3365531176
-0.5921495812,1.3365616769
-0.5921495812,1.3365702363
-0.5921495812,1.3365787956
-0.5921495812,1.3365873549
-0.5921495812,1.3365959142
-0.5921495812,1.3366044735
-0.5921495812,1.3366130328
-0.5921495812,1.3366215921
-0.5921495812,1.3366301514
-0.5921495812,1.3366387108
-0.5921495812,1.3366472701
-0.5921495812,1.3366558294
-0.5921495812,1.3366643887
-0.5921495812,1.3366729480
-0.5921495812,1.3366815073
-0.5921495812,1.3366900666
-0.5921495812,1.3366986259
-0.5921495812,1.3367071853
-0.5921495812,1.3367157446
-0.5921495812,1.3367243039
-0.5921495812,1.3367328632
-0.5921495812,1.3367414225
-0.5921495812,1.3367499818
-0.5921495812,1.3367585411
-0.5921495812,1.3367671004
-0.5921495812,1.3367756598
-0.5921495812,1.3367842191
-0.5921495812,1.3367927784
-0.5921495812,1.3368013377
-0.5921495812,1.3368098970
-0.5921495812,1.3368184563
-0.5921495812,1.3368270156
-0.5921495812,1.3368355749
-0.5921495812,1.3368441343
-0.5921495812,1.3368526936
-0.5921495812,1.3368612529
-0.5921495812,1.3368698122
-0.5921495812,1.3368783715
-0.5921495812,1.3368869308
-0.5921495812,1.3368954901
-0.5921495812,1.3369040494
-0.5921495812,1.3369126088
-0.5921495812,1.3369211681
-0.5921495812,1.3369297274
-0.5921495812,1.3369382867
-0.5921495812,1.3369468460
-0.5921495812,1.3369554053
-0.5921495812,1.3369639646
-0.5921495812,1.3369725239
-0.5921495812,1.3369810833
-0.5921495812,1.3369896426
-0.5921495812,1.3369982019
-0.5921495812,1.3370067612
-0.5921495812,1.3370153205
-0.5921495812,1.3370238798
-0.5921495812,1.3370324391
-0.5921495812,1.3370409985
-0.5921495812,1.3370495578
-0.5921495812,1.3370581171
-0.5921495812,1.3370666764
-0.5921495812,1.3370752357
-0.5921495812,1.3370837950
-0.5921495812,1.3370923543
-0.5921495812,1.3371009136
-0.5921495812,1.3371094730
-0.5921495812,1.3371180323
-0.5921495812,1.3371265916
-0.5921495812,1.3371351509
-0.5921495812,1.3371437102
-0.5921495812,1.3371522695
-0.5921495812,1.3371608288
-0.5921495812,1.3371693881
-0.5921495812,1.3371779475
-0.5921495812,1.3371865068
-0.5921495812,1.3371950661
-0.5921495812,1.3372036254
-0.5921495812,1.3372121847
-0.5921495812,1.3372207440
-0.5921495812,1.3372293033
-0.5921495812,1.3372378626
-0.5921495812,1.3372464220
-0.5921495812,1.3372549813
-0.5921495812,1.3372635406
-0.5921495812,1.3372720999
-0.5921495812,1.3372806592
-0.5921495812,1.3372892185
-0.5921495812,1.3372977778
-0.5921495812,1.3373063371
-0.5921495812,1.3373148965
-0.5921495812,1.3373234558
-0.5921495812,1.3373320151
-0.5921495812,1.3373405744
-0.5921495812,1.3373491337
-0.5921495812,1.3373576930
-0.5921495812,1.3373662523
-0.5921495812,1.3373748116
-0.5921495812,1.3373833710
-0.5921495812,1.3373919303
-0.5921495812,1.3374004896
-0.5921495812,1.3374090489
-0.5921495812,1.3374176082
-0.5921495812,1.3374261675
-0.5921495812,1.3374347268
-0.5921495812,1.3374432861
-0.5921495812,1.3374518455
-0.5921495812,1.3374604048
-0.5921495812,1.3374689641
-0.5921495812,1.3374775234
-0.5921495812,1.3374860827
-0.5921495812,1.3374946420
-0.5921495812,1.3375032013
-0.5921495812,1.3375117606
-0.5921495812,1.3375203200
-0.5921495812,1.3375288793
-0.5921495812,1.3375374386
-0.5921495812,1.3375459979
-0.5921495812,1.3375545572
-0.5921495812,1.3375631165
-0.5921495812,1.3375716758
-0.5921495812,1.3375802351
-0.5921495812,1.3375887945
-0.5921495812,1.3375973538
-0.5921495812,1.3376059131
-0.5921495812,1.3376144724
-0.5921495812,1.3376230317
-0.5921495812,1.3376315910
-0.5921495812,1.3376401503
-0.5921495812,1.3376487096
-0.5921495812,1.3376572690
-0.5921495812,1.3376658283
-0.5921495812,1.3376743876
-0.5921495812,1.3376829469
-0.5921495812,1.3376915062
-0.5921495812,1.3377000655
-0.5921495812,1.3377086248
-0.5921495812,1.3377171841
-0.5921495812,1.3377257435
-0.5921495812,1.3377343028
-0.5921495812,1.3377428621
-0.5921495812,1.3377514214
-0.5921495812,1.3377599807
-0.5921495812,1.3377685400
-0.5921495812,1.3377770993
-0.5921495812,1.3377856587
-0.5921495812,1.3377942180
-0.5921495812,1.3378027773
-0.5921495812,1.3378113366
-0.5921495812,1.3378198959
-0.5921495812,1.3378284552
-0.5921495812,1.3378370145
-0.5921495812,1.3378455738
-0.5921495812,1.3378541332
-0.5921495812,1.3378626925
-0.5921495812,1.3378712518
-0.5921495812,1.3378798111
-0.5921495812,1.3378883704
-0.5921495812,1.3378969297
-0.5921495812,1.3379054890
-0.5921495812,1.3379140483
-0.5921495812,1.3379226077
-0.5921495812,1.3379311670
-0.5921495812,1.3379397263
-0.5921495812,1.3379482856
-0.5921495812,1.3379568449
-0.5921495812,1.3379654042
-0.5921495812,1.3379739635
-0.5921495812,1.3379825228
-0.5921495812,1.3379910822
-0.5921495812,1.3379996415
-0.5921495812,1.3380082008
-0.5921495812,1.3380167601
-0.5921495812,1.3380253194
-0.5921495812,1.3380338787
-0.5921495812,1.3380424380
-0.5921495812,1.3380509973
-0.5921495812,1.3380595567
-0.5921495812,1.3380681160
-0.5921495812,1.3380766753
-0.5921495812,1.3380852346
-0.5921495812,1.3380937939
-0.5921495812,1.3381023532
-0.5921495812,1.3381109125
-0.5921495812,1.3381194718
-0.5921495812,1.3381280312
-0.5921495812,1.3381365905
-0.5921495812,1.3381451498
-0.5921495812,1.3381537091
-0.5921495812,1.3381622684
-0.5921495812,1.3381708277
-0.5921495812,1.3381793870
-0.5921495812,1.3381879463
-0.5921495812,1.3381965057
-0.5921495812,1.3382050650
-0.5921495812,1.3382136243
-0.5921495812,1.3382221836
-0.5921495812,1.3382307429
-0.5921495812,1.3382393022
-0.5921495812,1.3382478615
-0.5921495812,1.3382564208
-0.5921495812,1.3382649802
-0.5921495812,1.3382735395
-0.5921495812,1.3382820988
-0.5921495812,1.3382906581
-0.5921495812,1.3382992174
-0.5921495812,1.3383077767
-0.5921495812,1.3383163360
-0.5921495812,1.3383248953
-0.5921495812,1.3383334547
-0.5921495812,1.3383420140
-0.5921495812,1.3383505733
-0.5921495812,1.3383591326
-0.5921495812,1.3383676919
-0.5921495812,1.3383762512
-0.5921495812,1.3383848105
-0.5921495812,1.3383933698
-0.5921495812,1.3384019292
-0.5921495812,1.3384104885
-0.5921495812,1.3384190478
-0.5921495812,1.3384276071
-0.5921495812,1.3384361664
-0.5921495812,1.3384447257
-0.5921495812,1.3384532850
-0.5921495812,1.3384618443
-0.5921495812,1.3384704037
-0.5921495812,1.3384789630
-0.5921495812,1.3384875223
-0.5921495812,1.3384960816
-0.5921495812,1.3385046409
-0.5921495812,1.3385132002
-0.5921495812,1.3385217595
-0.5921495812,1.3385303188
-0.5921495812,1.3385388782
-0.5921495812,1.3385474375
-0.5921495812,1.3385559968
-0.5921495812,1.3385645561
-0.5921495812,1.3385731154
-0.5921495812,1.3385816747
-0.5921495812,1.3385902340
-0.5921495812,1.3385987934
-0.5921495812,1.3386073527
-0.5921495812,1.3386159120
-0.5921495812,1.3386244713
-0.5921495812,1.3386330306
-0.5921495812,1.3386415899
-0.5921495812,1.3386501492
-0.5921495812,1.3386587085
-0.5921495812,1.3386672679
-0.5921495812,1.3386758272
-0.5921495812,1.3386843865
-0.5921495812,1.3386929458
-0.5921495812,1.3387015051
-0.5921495812,1.3387100644
-0.5921495812,1.3387186237
-0.5921495812,1.3387271830
-0.5921495812,1.3387357424
-0.5921495812,1.3387443017
-0.5921495812,1.3387528610
-0.5921495812,1.3387614203
-0.5921495812,1.3387699796
-0.5921495812,1.3387785389
-0.5921495812,1.3387870982
-0.5921495812,1.3387956575
-0.5921495812,1.3388042169
-0.5921495812,1.3388127762
-0.5921495812,1.3388213355
-0.5921495812,1.3388298948
-0.5921495812,1.3388384541
-0.5921495812,1.3388470134
-0.5921495812,1.3388555727
-0.5921495812,1.3388641320
-0.5921495812,1.3388726914
-0.5921495812,1.3388812507
-0.5921495812,1.3388898100
-0.5921495812,1.3388983693
-0.5921495812,1.3389069286
-0.5921495812,1.3389154879
-0.5921495812,1.3389240472
-0.5921495812,1.3389326065
-0.5921495812,1.3389411659
-0.5921495812,1.3389497252
-0.5921495812,1.3389582845
-0.5921495812,1.3389668438
-0.5921495812,1.3389754031
-0.5921495812,1.3389839624
-0.5921495812,1.3389925217
-0.5921495812,1.3390010810
-0.5921495812,1.3390096404
-0.5921495812,1.3390181997
-0.5921495812,1.3390267590
-0.5921495812,1.3390353183
-0.5921495812,1.3390438776
-0.5921495812,1.3390524369
-0.5921495812,1.3390609962
-0.5921495812,1.3390695555
-0.5921495812,1.3390781149
-0.5921495812,1.3390866742
-0.5921495812,1.3390952335
-0.5921495812,1.3391037928
-0.5921495812,1.3391123521
-0.5921495812,1.3391209114
-0.5921495812,1.3391294707
-0.5921495812,1.3391380300
-0.5921495812,1.3391465894
-0.5921495812,1.3391551487
-0.5921495812,1.3391637080
-0.5921495812,1.3391722673
-0.5921495812,1.3391808266
-0.5921495812,1.3391893859
-0.5921495812,1.3391979452
-0.5921495812,1.3392065045
-0.5921495812,1.3392150639
-0.5921495812,1.3392236232
-0.5921495812,1.3392321825
-0.5921495812,1.3392407418
-0.5921495812,1.3392493011
-0.5921495812,1.3392578604
-0.5921495812,1.3392664197
-0.5921495812,1.3392749790
-0.5921495812,1.3392835384
-0.5921495812,1.3392920977
-0.5921495812,1.3393006570
-0.5921495812,1.3393092163
-0.5921495812,1.3393177756
-0.5921495812,1.3393263349
-0.5921495812,1.3393348942
-0.5921495812,1.3393434536
-0.5921495812,1.3393520129
-0.5921495812,1.3393605722
-0.5921495812,1.3393691315
-0.5921495812,1.3393776908
-0.5921495812,1.3393862501
-0.5921495812,1.3393948094
-0.5921495812,1.3394033687
-0.5921495812,1.3394119281
-0.5921495812,1.3394204874
-0.5921495812,1.3394290467
-0.5921495812,1.3394376060
-0.5921495812,1.3394461653
-0.5921495812,1.3394547246
-0.5921495812,1.3394632839
-0.5921495812,1.3394718432
-0.5921495812,1.3394804026
-0.5921495812,1.3394889619
-0.5921495812,1.3394975212
-0.5921495812,1.3395060805
-0.5921495812,1.3395146398
-0.5921495812,1.3395231991
-0.5921495812,1.3395317584
-0.5921495812,1.3395403177
-0.5921495812,1.3395488771
-0.5921495812,1.3395574364
-0.5921495812,1.3395659957
-0.5921495812,1.3395745550
-0.5921495812,1.3395831143
-0.5921495812,1.3395916736
-0.5921495812,1.3396002329
-0.5921495812,1.3396087922
-0.5921495812,1.3396173516
-0.5921495812,1.3396259109
-0.5921495812,1.3396344702
-0.5921495812,1.3396430295
-0.5921495812,1.3396515888
-0.5921495812,1.3396601481
-0.5921495812,1.3396687074
-0.5921495812,1.3396772667
-0.5921495812,1.3396858261
-0.5921495812,1.3396943854
-0.5921495812,1.3397029447
-0.5921495812,1.3397115040
-0.5921495812,1.3397200633
-0.5921495812,1.3397286226
-0.5921495812,1.3397371819
-0.5921495812,1.3397457412
-0.5921495812,1.3397543006
-0.5921495812,1.3397628599
-0.5921495812,1.3397714192
-0.5921495812,1.3397799785
-0.5921495812,1.3397885378
-0.5921495812,1.3397970971
-0.5921495812,1.3398056564
-0.5921495812,1.3398142157
-0.5921495812,1.3398227751
-0.5921495812,1.3398313344
-0.5921495812,1.3398398937
-0.5921495812,1.3398484530
-0.5921495812,1.3398570123
-0.5921495812,1.3398655716
-0.5921495812,1.3398741309
-0.5921495812,1.3398826902
-0.5921495812,1.3398912496
-0.5921495812,1.3398998089
-0.5921495812,1.3399083682
-0.5921495812,1.3399169275
-0.5921495812,1.3399254868
-0.5921495812,1.3399340461
-0.5921495812,1.3399426054
-0.5921495812,1.3399511647
-0.5921495812,1.3399597241
-0.5921495812,1.3399682834
-0.5921495812,1.3399768427
-0.5921495812,1.3399854020
-0.5921495812,1.3399939613
-0.5921495812,1.3400025206
-0.5921495812,1.3400110799
-0.5921495812,1.3400196392
-0.5921495812,1.3400281986
-0.5921495812,1.3400367579
-0.5921495812,1.3400453172
-0.5921495812,1.3400538765
-0.5921495812,1.3400624358
-0.5921495812,1.3400709951
-0.5921495812,1.3400795544
-0.5921495812,1.3400881138
-0.5921495812,1.3400966731
-0.5921495812,1.3401052324
-0.5921495812,1.3401137917
-0.5921495812,1.3401223510
-0.5921495812,1.3401309103
-0.5921495812,1.3401394696
-0.5921495812,1.3401480289
-0.5921495812,1.3401565883
-0.5921495812,1.3401651476
-0.5921495812,1.3401737069
-0.5921495812,1.3401822662
-0.5921495812,1.3401908255
-0.5921495812,1.3401993848
-0.5921495812,1.3402079441
-0.5921495812,1.3402165034
-0.5921495812,1.3402250628
-0.5921495812,1.3402336221
-0.5921495812,1.3402421814
-0.5921495812,1.3402507407
-0.5921495812,1.3402593000
-0.5921495812,1.3402678593
-0.5921495812,1.3402764186
-0.5921495812,1.3402849779
-0.5921495812,1.3402935373
-0.5921495812,1.3403020966
-0.5921495812,1.3403106559
-0.5921495812,1.3403192152
-0.5921495812,1.3403277745
-0.5921495812,1.3403363338
-0.5921495812,1.3403448931
-0.5921495812,1.3403534524
-0.5921495812,1.3403620118
-0.5921495812,1.3403705711
-0.5921495812,1.3403791304
-0.5921495812,1.3403876897
-0.5921495812,1.3403962490
-0.5921495812,1.3404048083
-0.5921495812,1.3404133676
-0.5921495812,1.3404219269
-0.5921495812,1.3404304863
-0.5921495812,1.3404390456
-0.5921495812,1.3404476049
-0.5921495812,1.3404561642
-0.5921495812,1.3404647235
-0.5921495812,1.3404732828
-0.5921495812,1.3404818421
-0.5921495812,1.3404904014
-0.5921495812,1.3404989608
-0.5921495812,1.3405075201
-0.5921495812,1.3405160794
-0.5921495812,1.3405246387
-0.5921495812,1.3405331980
-0.5921495812,1.3405417573
-0.5921495812,1.3405503166
-0.5921495812,1.3405588759
-0.5921495812,1.3405674353
-0.5921495812,1.3405759946
-0.5921495812,1.3405845539
-0.5921495812,1.3405931132
-0.5921495812,1.3406016725
-0.5921495812,1.3406102318
-0.5921495812,1.3406187911
-0.5921495812,1.3406273504
-0.5921495812,1.3406359098
-0.5921495812,1.3406444691
-0.5921495812,1.3406530284
-0.5921495812,1.3406615877
-0.5921495812,1.3406701470
-0.5921495812,1.3406787063
-0.5921495812,1.3406872656
-0.5921495812,1.3406958249
-0.5921495812,1.3407043843
-0.5921495812,1.3407129436
-0.5921495812,1.3407215029
-0.5921495812,1.3407300622
-0.5921495812,1.3407386215
-0.5921495812,1.3407471808
-0.5921495812,1.3407557401
-0.5921495812,1.3407642994
-0.5921495812,1.3407728588
-0.5921495812,1.3407814181
-0.5921495812,1.3407899774
-0.5921495812,1.3407985367
-0.5921495812,1.3408070960
-0.5921495812,1.3408156553
-0.5921495812,1.3408242146
-0.5921495812,1.3408327739
-0.5921495812,1.3408413333
-0.5921495812,1.3408498926
-0.5921495812,1.3408584519
-0.5921495812,1.3408670112
-0.5921495812,1.3408755705
-0.5921495812,1.3408841298
-0.5921495812,1.3408926891
-0.5921495812,1.3409012485
-0.5921495812,1.3409098078
-0.5921495812,1.3409183671
-0.5921495812,1.3409269264
-0.5921495812,1.3409354857
-0.5921495812,1.3409440450
-0.5921495812,1.3409526043
-0.5921495812,1.3409611636
-0.5921495812,1.3409697230
-0.5921495812,1.3409782823
-0.5921495812,1.3409868416
-0.5921495812,1.3409954009
-0.5921495812,1.3410039602
-0.5921495812,1.3410125195
-0.5921495812,1.3410210788
-0.5921495812,1.3410296381
-0.5921495812,1.3410381975
-0.5921495812,1.3410467568
-0.5921495812,1.3410553161
-0.5921495812,1.3410638754
-0.5921495812,1.3410724347
-0.5921495812,1.3410809940
-0.5921495812,1.3410895533
-0.5921495812,1.3410981126
-0.5921495812,1.3411066720
-0.5921495812,1.3411152313
-0.5921495812,1.3411237906
-0.5921495812,1.3411323499
-0.5921495812,1.3411409092
-0.5921495812,1.3411494685
-0.5921495812,1.3411580278
-0.5921495812,1.3411665871
-0.5921495812,1.3411751465
-0.5921495812,1.3411837058
-0.5921495812,1.3411922651
-0.5921495812,1.3412008244
-0.5921495812,1.3412093837
-0.5921495812,1.3412179430
-0.5921495812,1.3412265023
-0.5921495812,1.3412350616
-0.5921495812,1.3412436210
-0.5921495812,1.3412521803
-0.5921495812,1.3412607396
-0.5921495812,1.3412692989
-0.5921495812,1.3412778582
-0.5921495812,1.3412864175
-0.5921495812,1.3442761544
-0.5921495812,1.3472658912
-0.5921495812,1.3502556280
-0.5921495812,1.3532453649
-0.5921495812,1.3562351017
-0.5921495812,1.3592248386
-0.5921495812,1.3622145754
-0.5921495812,1.3652043123
-0.5921495812,1.3681940491
-0.5921495812,1.3711837859
-0.5921495812,1.3741735228
-0.5921495812,1.3771632596
-0.5921495812,1.3801529965
-0.5921495812,1.3831427333
-0.5921495812,1.3861324702
-0.5921495812,1.3891222070
-0.5921495812,1.3921119438
-0.5921495812,1.3951016807
-0.5921495812,1.3980914175
-0.5921495812,1.4020319175
-0.5921495812,1.4059724175
-0.5921495812,1.4099129175
-0.5921495812,1.4138534175
-0.5921495812,1.4177939175
-0.5921495812,1.4217344175
-0.5921495812,1.4256749175
-0.5921495812,1.4296154175
-0.5921495812,1.4335559175
-0.5921495812,1.4374964175
-0.5921495812,1.4414369175
-0.5921495812,1.4453774175
-0.5921495812,1.4493179175
-0.5921495812,1.4532584175
-0.5921495812,1.4571989175
-0.5921495812,1.4611394175
-0.5921495812,1.4650799175
-0.5921495812,1.4690204175
-0.5921495812,1.4729609175
-0.5921495812,1.4769014175
-0.5921495812,1.4819378386
-0.5921495812,1.4869742596
-0.5921495812,1.4920106807
-0.5921495812,1.4970471017
-0.5921495812,1.5020835228
-0.5921495812,1.5071199438
-0.5921495812,1.5121563649
-0.5921495812,1.5171927859
-0.5921495812,1.5222292070
-0.5921495812,1.5272656280
-0.5921495812,1.5323020491
-0.5921495812,1.5373384702
-0.5921495812,1.5423748912
-0.5921495812,1.5474113123
-0.5921495812,1.5524477333
-0.5921495812,1.5574841544
-0.5921495812,1.5625205754
-0.5921495812,1.5675569965
-0.5921495812,1.5725934175
-0.5921495812,1.5772561017
-0.5921495812,1.5819187859
-0.5921495812,1.5865814702
-0.5921495812,1.5912441544
-0.5921495812,1.5959068386
-0.5921495812,1.6005695228
-0.5921495812,1.6052322070
-0.5921495812,1.6098948912
-0.5921495812,1.6145575754
-0.5921495812,1.6192202596
-0.5921495812,1.6238829438
-0.5921495812,1.6285456280
-0.5921495812,1.6332083123
-0.5921495812,1.6378709965
-0.5921495812,1.6425336807
-0.5921495812,1.6471963649
-0.5921495812,1.6518590491
-0.5921495812,1.6565217333
-0.5921495812,1.6611844175
-0.5921495812,1.6645534175
-0.5921495812,1.6679224175
-0.5921495812,1.6712914175
-0.5921495812,1.6746604175
-0.5921495812,1.6780294175
-0.5921495812,1.6813984175
-0.5921495812,1.6847674175
-0.5921495812,1.6881364175
-0.5921495812,1.6915054175
-0.5921495812,1.6948744175
-0.5921495812,1.6982434175
-0.5921495812,1.7016124175
-0.5921495812,1.7049814175
-0.5921495812,1.7083504175
-0.5921495812,1.7117194175
-0.5921495812,1.7150884175
-0.5921495812,1.7184574175
-0.5921495812,1.7218264175
-0.5921495812,1.7251954175
-0.5922280549,1.7260574175
-0.5923065286,1.7269194175
-0.5923850022,1.7277814175
-0.5924634759,1.7286434175
-0.5925419496,1.7295054175
-0.5926204233,1.7303674175
-0.5926988970,1.7312294175
-0.5927773707,1.7320914175
-0.5928558444,1.7329534175
-0.5929343180,1.7338154175
-0.5930127917,1.7346774175
-0.5930912654,1.7355394175
-0.5931697391,1.7364014175
-0.5932482128,1.7372634175
-0.5933266865,1.7381254175
-0.5934051601,1.7389874175
-0.5934836338,1.7398494175
-0.5935621075,1.7407114175
-0.5936405812,1.7415734175
-0.5944017391,1.7418514175
-0.5951628970,1.7421294175
-0.5959240549,1.7424074175
-0.5966852128,1.7426854175
-0.5974463707,1.7429634175
-0.5982075286,1.7432414175
-0.5989686865,1.7435194175
-0.5997298444,1.7437974175
-0.6004910022,1.7440754175
-0.6012521601,1.7443534175
-0.6020133180,1.7446314175
-0.6027744759,1.7449094175
-0.6035356338,1.7451874175
-0.6042967917,1.7454654175
-0.6050579496,1.7457434175
-0.6058191075,1.7460214175
-0.6065802654,1.7462994175
-0.6073414233,1.7465774175
-0.6081025812,1.7468554175
-0.6082202654,1.7468631017
-0.6083379496,1.7468707859
-0.6084556338,1.7468784702
-0.6085733180,1.7468861544
-0.6086910022,1.7468938386
-0.6088086865,1.7469015228
-0.6089263707,1.7469092070
-0.6090440549,1.7469168912
-0.6091617391,1.7469245754
-0.6092794233,1.7469322596
-0.6093971075,1.7469399438
-0.6095147917,1.7469476280
-0.6096324759,1.7469553123
-0.6097501601,1.7469629965
-0.6098678444,1.7469706807
-0.6099855286,1.7469783649
-0.6101032128,1.7469860491
-0.6102208970,1.7469937333
-0.6103385812,1.7470014175
-0.6103385812,1.7470511675
-0.6103385812,1.7471009175
-0.6103385812,1.7471506675
-0.6103385812,1.7472004175
-0.6103385812,1.7472501675
-0.6103385812,1.7472999175
-0.6103385812,1.7473496675
-0.6103385812,1.7473994175
-0.6103385812,1.7474491675
-0.6103385812,1.7474989175
-0.6103385812,1.7475486675
-0.6103385812,1.7475984175
-0.6103385812,1.7476481675
-0.6103385812,1.7476979175
-0.6103385812,1.7477476675
-0.6103385812,1.7477974175
-0.6103385812,1.7478471675
-0.6103385812,1.7478969175
-0.6103385812,1.7479466675
-0.6103385812,1.7479964175
-0.6103385812,1.7480826280
-0.6103385812,1.7481688386
-0.6103385812,1.7482550491
-0.6103385812,1.7483412596
-0.6103385812,1.7484274702
-0.6103385812,1.7485136807
-0.6103385812,1.7485998912
-0.6103385812,1.7486861017
-0.6103385812,1.7487723123
-0.6103385812,1.7488585228
-0.6103385812,1.7489447333
-0.6103385812,1.7490309438
-0.6103385812,1.7491171544
-0.6103385812,1.7492033649
-0.6103385812,1.7492895754
-0.6103385812,1.7493757859
-0.6103385812,1.7494619965
-0.6103385812,1.7495482070
-0.6103385812,1.7496344175
-0.6103385812,1.7498919438
-0.6103385812,1.7501494702
-0.6103385812,1.7504069965
-0.6103385812,1.7506645228
-0.6103385812,1.7509220491
-0.6103385812,1.7511795754
-0.6103385812,1.7514371017
-0.6103385812,1.7516946280
-0.6103385812,1.7519521544
-0.6103385812,1.7522096807
-0.6103385812,1.7524672070
-0.6103385812,1.7527247333
-0.6103385812,1.7529822596
-0.6103385812,1.7532397859
-0.6103385812,1.7534973123
-0.6103385812,1.7537548386
-0.6103385812,1.7540123649
-0.6103385812,1.7542698912
-0.6103385812,1.7545274175
-0.6103425286,1.7567755228
-0.6103464759,1.7590236280
-0.6103504233,1.7612717333
-0.6103543707,1.7635198386
-0.6103583180,1.7657679438
-0.6103622654,1.7680160491
-0.6103662128,1.7702641544
-0.6103701601,1.7725122596
-0.6103741075,1.7747603649
-0.6103780549,1.7770084702
-0.6103820022,1.7792565754
-0.6103859496,1.7815046807
-0.6103898970,1.7837527859
-0.6103938444,1.7860008912
-0.6103977917,1.7882489965
-0.6104017391,1.7904971017
-0.6104056865,1.7927452070
-0.6104096338,1.7949933123
-0.6104135812,1.7972414175
-0.6105532128,1.8007133649
-0.6106928444,1.8041853123
-0.6108324759,1.8076572596
-0.6109721075,1.8111292070
-0.6111117391,1.8146011544
-0.6112513707,1.8180731017
-0.6113910022,1.8215450491
-0.6115306338,1.8250169965
-0.6116702654,1.8284889438
-0.6118098970,1.8319608912
-0.6119495286,1.8354328386
-0.6120891601,1.8389047859
-0.6122287917,1.8423767333
-0.6123684233,1.8458486807
-0.6125080549,1.8493206280
-0.6126476865,1.8527925754
-0.6127873180,1.8562645228
-0.6129269496,1.8597364702
-0.6130665812,1.8632084175
-0.6155881601,1.8649962070
-0.6181097391,1.8667839965
-0.6206313180,1.8685717859
-0.6231528970,1.8703595754
-0.6256744759,1.8721473649
-0.6281960549,1.8739351544
-0.6307176338,1.8757229438
-0.6332392128,1.8775107333
-0.6357607917,1.8792985228
-0.6382823707,1.8810863123
-0.6408039496,1.8828741017
-0.6433255286,1.8846618912
-0.6458471075,1.8864496807
-0.6483686865,1.8882374702
-0.6508902654,1.8900252596
-0.6534118444,1.8918130491
-0.6559334233,1.8936008386
-0.6584550022,1.8953886280
-0.6609765812,1.8971764175
-0.6633236812,1.9007981175
-0.6656707812,1.9044198175
-0.6680178812,1.9080415175
-0.6703649812,1.9116632175
-0.6727120812,1.9152849175
-0.6750591812,1.9189066175
-0.6774062812,1.9225283175
-0.6797533812,1.9261500175
-0.6821004812,1.9297717175
-0.6844475812,1.9333934175
-0.6867946812,1.9370151175
-0.6891417812,1.9406368175
-0.6914888812,1.9442585175
-0.6938359812,1.9478802175
-0.6961830812,1.9515019175
-0.6985301812,1.9551236175
-0.7008772812,1.9587453175
-0.7032243812,1.9623670175
-0.7055714812,1.9659887175
-0.7079185812,1.9696104175
-0.7099485812,1.9737233123
-0.7119785812,1.9778362070
-0.7140085812,1.9819491017
-0.7160385812,1.9860619965
-0.7180685812,1.9901748912
-0.7200985812,1.9942877859
-0.7221285812,1.9984006807
-0.7241585812,2.0025135754
-0.7261885812,2.0066264702
-0.7282185812,2.0107393649
-0.7302485812,2.0148522596
-0.7322785812,2.0189651544
-0.7343085812,2.0230780491
-0.7363385812,2.0271909438
-0.7383685812,2.0313038386
-0.7403985812,2.0354167333
-0.7424285812,2.0395296280
-0.7444585812,2.0436425228
-0.7464885812,2.0477554175
-0.7492954759,2.0512580491
-0.7521023707,2.0547606807
-0.7549092654,2.0582633123
-0.7577161601,2.0617659438
-0.7605230549,2.0652685754
-0.7633299496,2.0687712070
-0.7661368444,2.0722738386
-0.7689437391,2.0757764702
-0.7717506338,2.0792791017
-0.7745575286,2.0827817333
-0.7773644233,2.0862843649
-0.7801713180,2.0897869965
-0.7829782128,2.0932896280
-0.7857851075,2.0967922596
-0.7885920022,2.1002948912
-0.7913988970,2.1037975228
-0.7942057917,2.1073001544
-0.7970126865,2.1108027859
-0.7998195812,2.1143054175
-0.8016555286,2.1153779965
-0.8034914759,2.1164505754
-0.8053274233,2.1175231544
-0.8071633707,2.1185957333
-0.8089993180,2.1196683123
-0.8108352654,2.1207408912
-0.8126712128,2.1218134702
-0.8145071601,2.1228860491
-0.8163431075,2.1239586280
-0.8181790549,2.1250312070
-0.8200150022,2.1261037859
-0.8218509496,2.1271763649
-0.8236868970,2.1282489438
-0.8255228444,2.1293215228
-0.8273587917,2.1303941017
-0.8291947391,2.1314666807
-0.8310306865,2.1325392596
-0.8328666338,2.1336118386
-0.8347025812,2.1346844175
-0.8349371075,2.1348964175
-0.8351716338,2.1351084175
-0.8354061601,2.1353204175
-0.8356406865,2.1355324175
-0.8358752128,2.1357444175
-0.8361097391,2.1359564175
-0.8363442654,2.1361684175
-0.8365787917,2.1363804175
-0.8368133180,2.1365924175
-0.8370478444,2.1368044175
-0.8372823707,2.1370164175
-0.8375168970,2.1372284175
-0.8377514233,2.1374404175
-0.8379859496,2.1376524175
-0.8382204759,2.1378644175
-0.8384550022,2.1380764175
-0.8386895286,2.1382884175
-0.8389240549,2.1385004175
-0.8391585812,2.1387124175
-0.8403745812,2.1389676807
-0.8415905812,2.1392229438
-0.8428065812,2.1394782070
-0.8440225812,2.1397334702
-0.8452385812,2.1399887333
-0.8464545812,2.1402439965
-0.8476705812,2.1404992596
-0.8488865812,2.1407545228
-0.8501025812,2.1410097859
-0.8513185812,2.1412650491
-0.8525345812,2.1415203123
-0.8537505812,2.1417755754
-0.8549665812,2.1420308386
-0.8561825812,2.1422861017
-0.8573985812,2.1425413649
-0.8586145812,2.1427966280
-0.8598305812,2.1430518912
-0.8610465812,2.1433071544
-0.8622625812,2.1435624175
-0.8654912654,2.1437487859
-0.8687199496,2.1439351544
-0.8719486338,2.1441215228
-0.8751773180,2.1443078912
-0.8784060022,2.1444942596
-0.8816346865,2.1446806280
-0.8848633707,2.1448669965
-0.8880920549,2.1450533649
-0.8913207391,2.1452397333
-0.8945494233,2.1454261017
-0.8977781075,2.1456124702
-0.9010067917,2.1457988386
-0.9042354759,2.1459852070
-0.9074641601,2.1461715754
-0.9106928444,2.1463579438
-0.9139215286,2.1465443123
-0.9171502128,2.1467306807
-0.9203788970,2.1469170491
-0.9236075812,2.1471034175
-0.9268902128,2.1471160491
-0.9301728444,2.1471286807
-0.9334554759,2.1471413123
-0.9367381075,2.1471539438
-0.9400207391,2.1471665754
-0.9433033707,2.1471792070
-0.9465860022,2.1471918386
-0.9498686338,2.1472044702
-0.9531512654,2.1472171017
-0.9564338970,2.1472297333
-0.9597165286,2.1472423649
-0.9629991601,2.1472549965
-0.9662817917,2.1472676280
-0.9695644233,2.1472802596
-0.9728470549,2.1472928912
-0.9761296865,2.1473055228
-0.9794123180,2.1473181544
-0.9826949496,2.1473307859
-0.9859775812,2.1473434175
-0.9896690549,2.1475122596
-0.9933605286,2.1476811017
-0.9970520022,2.1478499438
-1.0007434759,2.1480187859
-1.0044349496,2.1481876280
-1.0081264233,2.1483564702
-1.0118178970,2.1485253123
-1.0155093707,2.1486941544
-1.0192008444,2.1488629965
-1.0228923180,2.1490318386
-1.0265837917,2.1492006807
-1.0302752654,2.1493695228
-1.0339667391,2.1495383649
-1.0376582128,2.1497072070
-1.0413496865,2.1498760491
-1.0450411601,2.1500448912
-1.0487326338,2.1502137333
-1.0524241075,2.1503825754
-1.0561155812,2.1505514175
-1.0607392128,2.1506733123
-1.0653628444,2.1507952070
-1.0699864759,2.1509171017
-1.0746101075,2.1510389965
-1.0792337391,2.1511608912
-1.0838573707,2.1512827859
-1.0884810022,2.1514046807
-1.0931046338,2.1515265754
-1.0977282654,2.1516484702
-1.1023518970,2.1517703649
-1.1069755286,2.1518922596
-1.1115991601,2.1520141544
-1.1162227917,2.1521360491
-1.1208464233,2.1522579438
-1.1254700549,2.1523798386
-1.1300936865,2.1525017333
-1.1347173180,2.1526236280
-1.1393409496,2.1527455228
-1.1439645812,2.1528674175
-1.1481606812,2.1527425175
-1.1523567812,2.1526176175
-1.1565528812,2.1524927175
-1.1607489812,2.1523678175
-1.1649450812,2.1522429175
-1.1691411812,2.1521180175
-1.1733372812,2.1519931175
-1.1775333812,2.1518682175
-1.1817294812,2.1517433175
-1.1859255812,2.1516184175
-1.1901216812,2.1514935175
-1.1943177812,2.1513686175
-1.1985138812,2.1512437175
-1.2027099812,2.1511188175
-1.2069060812,2.1509939175
-1.2111021812,2.1508690175
-1.2152982812,2.1507441175
-1.2194943812,2.1506192175
-1.2236904812,2.1504943175
-1.2278865812,2.1503694175
-1.2319934233,2.1496151544
-1.2361002654,2.1488608912
-1.2402071075,2.1481066280
-1.2443139496,2.1473523649
-1.2484207917,2.1465981017
-1.2525276338,2.1458438386
-1.2566344759,2.1450895754
-1.2607413180,2.1443353123
-1.2648481601,2.1435810491
-1.2689550022,2.1428267859
-1.2730618444,2.1420725228
-1.2771686865,2.1413182596
-1.2812755286,2.1405639965
-1.2853823707,2.1398097333
-1.2894892128,2.1390554702
-1.2935960549,2.1383012070
-1.2977028970,2.1375469438
-1.3018097391,2.1367926807
-1.3059165812,2.1360384175
-1.3090941075,2.1338206807
-1.3122716338,2.1316029438
-1.3154491601,2.1293852070
-1.3186266865,2.1271674702
-1.3218042128,2.1249497333
-1.3249817391,2.1227319965
-1.3281592654,2.1205142596
-1.3313367917,2.1182965228
-1.3345143180,2.1160787859
-1.3376918444,2.1138610491
-1.3408693707,2.1116433123
-1.3440468970,2.1094255754
-1.3472244233,2.1072078386
-1.3504019496,2.1049901017
-1.3535794759,2.1027723649
-1.3567570022,2.1005546280
-1.3599345286,2.0983368912
-1.3631120549,2.0961191544
-1.3662895812,2.0939014175
-1.3682939496,2.0897734175
-1.3702983180,2.0856454175
-1.3723026865,2.0815174175
-1.3743070549,2.0773894175
-1.3763114233,2.0732614175
-1.3783157917,2.0691334175
-1.3803201601,2.0650054175
-1.3823245286,2.0608774175
-1.3843288970,2.0567494175
-1.3863332654,2.0526214175
-1.3883376338,2.0484934175
-1.3903420022,2.0443654175
-1.3923463707,2.0402374175
-1.3943507391,2.0361094175
-1.3963551075,2.0319814175
-1.3983594759,2.0278534175
-1.4003638444,2.0237254175
-1.4023682128,2.0195974175
-1.4043725812,2.0154694175
-1.4054007391,2.0099994702
-1.4064288970,2.0045295228
-1.4074570549,1.9990595754
-1.4084852128,1.9935896280
-1.4095133707,1.9881196807
-1.4105415286,1.9826497333
-1.4115696865,1.9771797859
-1.4125978444,1.9717098386
-1.4136260022,1.9662398912
-1.4146541601,1.9607699438
-1.4156823180,1.9552999965
-1.4167104759,1.9498300491
-1.4177386338,1.9443601017
-1.4187667917,1.9388901544
-1.4197949496,1.9334202070
-1.4208231075,1.9279502596
-1.4218512654,1.9224803123
-1.4228794233,1.9170103649
-1.4239075812,1.9115404175
-1.4243003707,1.9061056807
-1.4246931601,1.9006709438
-1.4250859496,1.8952362070
-1.4254787391,1.8898014702
-1.4258715286,1.8843667333
-1.4262643180,1.8789319965
-1.4266571075,1.8734972596
-1.4270498970,1.8680625228
-1.4274426865,1.8626277859
-1.4278354759,1.8571930491
-1.4282282654,1.8517583123
-1.4286210549,1.8463235754
-1.4290138444,1.8408888386
-1.4294066338,1.8354541017
-1.4297994233,1.8300193649
-1.4301922128,1.8245846280
-1.4305850022,1.8191498912
-1.4309777917,1.8137151544
-1.4313705812,1.8082804175
-1.4313487917,1.8037194175
-1.4313270022,1.7991584175
-1.4313052128,1.7945974175
-1.4312834233,1.7900364175
-1.4312616338,1.7854754175
-1.4312398444,1.7809144175
-1.4312180549,1.7763534175
-1.4311962654,1.7717924175
-1.4311744759,1.7672314175
-1.4311526865,1.7626704175
-1.4311308970,1.7581094175
-1.4311091075,1.7535484175
-1.4310873180,1.7489874175
-1.4310655286,1.7444264175
-1.4310437391,1.7398654175
-1.4310219496,1.7353044175
-1.4310001601,1.7307434175
-1.4309783707,1.7261824175
-1.4309565812,1.7216214175
-1.4300426312,1.7178260675
-1.4291286812,1.7140307175
-1.4282147312,1.7102353675
-1.4273007812,1.7064400175
-1.4263868312,1.7026446675
-1.4254728812,1.6988493175
-1.4245589312,1.6950539675
-1.4236449812,1.6912586175
-1.4227310312,1.6874632675
-1.4218170812,1.6836679175
-1.4209031312,1.6798725675
-1.4199891812,1.6760772175
-1.4190752312,1.6722818675
-1.4181612812,1.6684865175
-1.4172473312,1.6646911675
-1.4163333812,1.6608958175
-1.4154194312,1.6571004675
-1.4145054812,1.6533051175
-1.4135915312,1.6495097675
-1.4126775812,1.6457144175
-1.4089800549,1.6419396280
-1.4052825286,1.6381648386
-1.4015850022,1.6343900491
-1.3978874759,1.6306152596
-1.3941899496,1.6268404702
-1.3904924233,1.6230656807
-1.3867948970,1.6192908912
-1.3830973707,1.6155161017
-1.3793998444,1.6117413123
-1.3757023180,1.6079665228
-1.3720047917,1.6041917333
-1.3683072654,1.6004169438
-1.3646097391,1.5966421544
-1.3609122128,1.5928673649
-1.3572146865,1.5890925754
-1.3535171601,1.5853177859
-1.3498196338,1.5815429965
-1.3461221075,1.5777682070
-1.3424245812,1.5739934175
-1.3383305812,1.5707529965
-1.3342365812,1.5675125754
-1.3301425812,1.5642721544
-1.3260485812,1.5610317333
-1.3219545812,1.5577913123
-1.3178605812,1.5545508912
-1.3137665812,1.5513104702
-1.3096725812,1.5480700491
-1.3055785812,1.5448296280
-1.3014845812,1.5415892070
-1.2973905812,1.5383487859
-1.2932965812,1.5351083649
-1.2892025812,1.5318679438
-1.2851085812,1.5286275228
-1.2810145812,1.5253871017
-1.2769205812,1.5221466807
-1.2728265812,1.5189062596
-1.2687325812,1.5156658386
-1.2646385812,1.5124254175
-1.2609367391,1.5089236807
-1.2572348970,1.5054219438
-1.2535330549,1.5019202070
-1.2498312128,1.4984184702
-1.2461293707,1.4949167333
-1.2424275286,1.4914149965
-1.2387256865,1.4879132596
-1.2350238444,1.4844115228
-1.2313220022,1.4809097859
-1.2276201601,1.4774080491
-1.2239183180,1.4739063123
-1.2202164759,1.4704045754
-1.2165146338,1.4669028386
-1.2128127917,1.4634011017
-1.2091109496,1.4598993649
-1.2054091075,1.4563976280
-1.2017072654,1.4528958912
-1.1980054233,1.4493941544
-1.1943035812,1.4458924175
-1.1906681601,1.4425281544
-1.1870327391,1.4391638912
-1.1833973180,1.4357996280
-1.1797618970,1.4324353649
-1.1761264759,1.4290711017
-1.1724910549,1.4257068386
-1.1688556338,1.4223425754
-1.1652202128,1.4189783123
-1.1615847917,1.4156140491
-1.1579493707,1.4122497859
-1.1543139496,1.4088855228
-1.1506785286,1.4055212596
-1.1470431075,1.4021569965
-1.1434076865,1.3987927333
-1.1397722654,1.3954284702
-1.1361368444,1.3920642070
-1.1325014233,1.3886999438
-1.1288660022,1.3853356807
-1.1252305812,1.3819714175
-1.1214818970,1.3796031544
-1.1177332128,1.3772348912
-1.1139845286,1.3748666280
-1.1102358444,1.3724983649
-1.1064871601,1.3701301017
-1.1027384759,1.3677618386
-1.0989897917,1.3653935754
-1.0952411075,1.3630253123
-1.0914924233,1.3606570491
-1.0877437391,1.3582887859
-1.0839950549,1.3559205228
-1.0802463707,1.3535522596
-1.0764976865,1.3511839965
-1.0727490022,1.3488157333
-1.0690003180,1.3464474702
-1.0652516338,1.3440792070
-1.0615029496,1.3417109438
-1.0577542654,1.3393426807
-1.0540055812,1.3369744175
-1.0504864233,1.3352227333
-1.0469672654,1.3334710491
-1.0434481075,1.3317193649
-1.0399289496,1.3299676807
-1.0364097917,1.3282159965
-1.0328906338,1.3264643123
-1.0293714759,1.3247126280
-1.0258523180,1.3229609438
-1.0223331601,1.3212092596
-1.0188140022,1.3194575754
-1.0152948444,1.3177058912
-1.0117756865,1.3159542070
-1.0082565286,1.3142025228
-1.0047373707,1.3124508386
-1.0012182128,1.3106991544
-0.9976990549,1.3089474702
-0.9941798970,1.3071957859
-0.9906607391,1.3054441017
-0.9871415812,1.3036924175
-0.9836032128,1.3020633649
-0.9800648444,1.3004343123
-0.9765264759,1.2988052596
-0.9729881075,1.2971762070
-0.9694497391,1.2955471544
-0.9659113707,1.2939181017
-0.9623730022,1.2922890491
-0.9588346338,1.2906599965
-0.9552962654,1.2890309438
-0.9517578970,1.2874018912
-0.9482195286,1.2857728386
-0.9446811601,1.2841437859
-0.9411427917,1.2825147333
-0.9376044233,1.2808856807
-0.9340660549,1.2792566280
-0.9305276865,1.2776275754
-0.9269893180,1.2759985228
-0.9234509496,1.2743694702
-0.9199125812,1.2727404175
-0.9163134759,1.2714367333
-0.9127143707,1.2701330491
-0.9091152654,1.2688293649
-0.9055161601,1.2675256807
-0.9019170549,1.2662219965
-0.8983179496,1.2649183123
-0.8947188444,1.2636146280
-0.8911197391,1.2623109438
-0.8875206338,1.2610072596
-0.8839215286,1.2597035754
-0.8803224233,1.2583998912
-0.8767233180,1.2570962070
-0.8731242128,1.2557925228
-0.8695251075,1.2544888386
-0.8659260022,1.2531851544
-0.8623268970,1.2518814702
-0.8587277917,1.2505777859
-0.8551286865,1.2492741017
-0.8515295812,1.2479704175
-0.8482721075,1.2470980491
-0.8450146338,1.2462256807
-0.8417571601,1.2453533123
-0.8384996865,1.2444809438
-0.8352422128,1.2436085754
-0.8319847391,1.2427362070
-0.8287272654,1.2418638386
-0.8254697917,1.2409914702
-0.8222123180,1.2401191017
-0.8189548444,1.2392467333
-0.8156973707,1.2383743649
-0.8124398970,1.2375019965
-0.8091824233,1.2366296280
-0.8059249496,1.2357572596
-0.8026674759,1.2348848912
-0.7994100022,1.2340125228
-0.7961525286,1.2331401544
-0.7928950549,1.2322677859
-0.7896375812,1.2313954175
-0.7866532654,1.2312206280
-0.7836689496,1.2310458386
-0.7806846338,1.2308710491
-0.7777003180,1.2306962596
-0.7747160022,1.2305214702
-0.7717316865,1.2303466807
-0.7687473707,1.2301718912
-0.7657630549,1.2299971017
-0.7627787391,1.2298223123
-0.7597944233,1.2296475228
-0.7568101075,1.2294727333
-0.7538257917,1.2292979438
-0.7508414759,1.2291231544
-0.7478571601,1.2289483649
-0.7448728444,1.2287735754
-0.7418885286,1.2285987859
-0.7389042128,1.2284239965
-0.7359198970,1.2282492070
-0.7329355812,1.2280744175
-0.7287343180,1.2280744175
-0.7245330549,1.2280744175
-0.7203317917,1.2280744175
-0.7161305286,1.2280744175
-0.7119292654,1.2280744175
-0.7077280022,1.2280744175
-0.7035267391,1.2280744175
-0.6993254759,1.2280744175
-0.6951242128,1.2280744175
-0.6909229496,1.2280744175
-0.6867216865,1.2280744175
-0.6825204233,1.2280744175
-0.6783191601,1.2280744175
-0.6741178970,1.2280744175
-0.6699166338,1.2280744175
-0.6657153707,1.2280744175
-0.6615141075,1.2280744175
-0.6573128444,1.2280744175
-0.6531115812,1.2280744175
-0.6487553707,1.2282584175
-0.6443991601,1.2284424175
-0.6400429496,1.2286264175
-0.6356867391,1.2288104175
-0.6313305286,1.2289944175
-0.6269743180,1.2291784175
-0.6226181075,1.2293624175
-0.6182618970,1.2295464175
-0.6139056865,1.2297304175
-0.6095494759,1.2299144175
-0.6051932654,1.2300984175
-0.6008370549,1.2302824175
-0.5964808444,1.2304664175
-0.5921246338,1.2306504175
-0.5877684233,1.2308344175
-0.5834122128,1.2310184175
-0.5790560022,1.2312024175
-0.5746997917,1.2313864175
-0.5703435812,1.2315704175
-0.5670963707,1.2329273649
-0.5638491601,1.2342843123
-0.5606019496,1.2356412596
-0.5573547391,1.2369982070
-0.5541075286,1.2383551544
-0.5508603180,1.2397121017
-0.5476131075,1.2410690491
-0.5443658970,1.2424259965
-0.5411186865,1.2437829438
-0.5378714759,1.2451398912
-0.5346242654,1.2464968386
-0.5313770549,1.2478537859
-0.5281298444,1.2492107333
-0.5248826338,1.2505676807
-0.5216354233,1.2519246280
-0.5183882128,1.2532815754
-0.5151410022,1.2546385228
-0.5118937917,1.2559954702
-0.5086465812,1.2573524175
-0.5071191601,1.2603758912
-0.5055917391,1.2633993649
-0.5040643180,1.2664228386
-0.5025368970,1.2694463123
-0.5010094759,1.2724697859
-0.4994820549,1.2754932596
-0.4979546338,1.2785167333
-0.4964272128,1.2815402070
-0.4948997917,1.2845636807
-0.4933723707,1.2875871544
-0.4918449496,1.2906106280
-0.4903175286,1.2936341017
-0.4887901075,1.2966575754
-0.4872626865,1.2996810491
-0.4857352654,1.3027045228
-0.4842078444,1.3057279965
-0.4826804233,1.3087514702
-0.4811530022,1.3117749438
-0.4796255812,1.3147984175
-0.4794030549,1.3191982070
-0.4791805286,1.3235979965
-0.4789580022,1.3279977859
-0.4787354759,1.3323975754
-0.4785129496,1.3367973649
-0.4782904233,1.3411971544
-0.4780678970,1.3455969438
-0.4778453707,1.3499967333
-0.4776228444,1.3543965228
-0.4774003180,1.3587963123
-0.4771777917,1.3631961017
-0.4769552654,1.3675958912
-0.4767327391,1.3719956807
-0.4765102128,1.3763954702
-0.4762876865,1.3807952596
-0.4760651601,1.3851950491
-0.4758426338,1.3895948386
-0.4756201075,1.3939946280
-0.4753975812,1.3983944175
-0.4753975812,1.4025639438
-0.4753975812,1.4067334702
-0.4753975812,1.4109029965
-0.4753975812,1.4150725228
-0.4753975812,1.4192420491
-0.4753975812,1.4234115754
-0.4753975812,1.4275811017
-0.4753975812,1.4317506280
-0.4753975812,1.4359201544
-0.4753975812,1.4400896807
-0.4753975812,1.4442592070
-0.4753975812,1.4484287333
-0.4753975812,1.4525982596
-0.4753975812,1.4567677859
-0.4753975812,1.4609373123
-0.4753975812,1.4651068386
-0.4753975812,1.4692763649
-0.4753975812,1.4734458912
-0.4753975812,1.4776154175
-0.4753983590,1.4821145286
-0.4753991367,1.4866136397
-0.4753999145,1.4911127509
-0.4754006923,1.4956118620
-0.4754014701,1.5001109731
-0.4754022479,1.5046100842
-0.4754030256,1.5091091953
-0.4754038034,1.5136083064
-0.4754045812,1.5181074175
-0.4754053590,1.5226065286
-0.4754061367,1.5271056397
-0.4754069145,1.5316047509
-0.4754076923,1.5361038620
-0.4754084701,1.5406029731
-0.4754092479,1.5451020842
-0.4754100256,1.5496011953
-0.4754108034,1.5541003064
-0.4754115812,1.5585994175
-0.4754143707,1.5612417333
-0.4754171601,1.5638840491
-0.4754199496,1.5665263649
-0.4754227391,1.5691686807
-0.4754255286,1.5718109965
-0.4754283180,1.5744533123
-0.4754311075,1.5770956280
-0.4754338970,1.5797379438
-0.4754366865,1.5823802596
-0.4754394759,1.5850225754
-0.4754422654,1.5876648912
-0.4754450549,1.5903072070
-0.4754478444,1.5929495228
-0.4754506338,1.5955918386
-0.4754534233,1.5982341544
-0.4754562128,1.6008764702
-0.4754590022,1.6035187859
-0.4754617917,1.6061611017
-0.4754645812,1.6088034175
-0.4754666338,1.6088436807
-0.4754686865,1.6088839438
-0.4754707391,1.6089242070
-0.4754727917,1.6089644702
-0.4754748444,1.6090047333
-0.4754768970,1.6090449965
-0.4754789496,1.6090852596
-0.4754810022,1.6091255228
-0.4754830549,1.6091657859
-0.4754851075,1.6092060491
-0.4754871601,1.6092463123
-0.4754892128,1.6092865754
-0.4754912654,1.6093268386
-0.4754933180,1.6093671017
-0.4754953707,1.6094073649
-0.4754974233,1.6094476280
-0.4754994759,1.6094878912
-0.4755015286,1.6095281544
-0.4755035812,1.6095684175
-0.4755036163,1.6095616456
-0.4755036514,1.6095548737
-0.4755036865,1.6095481017
-0.4755037215,1.6095413298
-0.4755037566,1.6095345579
-0.4755037917,1.6095277859
-0.4755038268,1.6095210140
-0.4755038619,1.6095142421
-0.4755038970,1.6095074702
-0.4755039321,1.6095006982
-0.4755039672,1.6094939263
-0.4755040022,1.6094871544
-0.4755040373,1.6094803824
-0.4755040724,1.6094736105
-0.4755041075,1.6094668386
-0.4755041426,1.6094600666
-0.4755041777,1.6094532947
-0.4755042128,1.6094465228
-0.4755042479,1.6094397509
-0.4755042829,1.6094329789
-0.4755043180,1.6094262070
-0.4755043531,1.6094194351
-0.4755043882,1.6094126631
-0.4755044233,1.6094058912
-0.4755044584,1.6093991193
-0.4755044935,1.6093923473
-0.4755045286,1.6093855754
-0.4755045636,1.6093788035
-0.4755045987,1.6093720316
-0.4755046338,1.6093652596
-0.4755046689,1.6093584877
-0.4755047040,1.6093517158
-0.4755047391,1.6093449438
-0.4755047742,1.6093381719
-0.4755048093,1.6093314000
-0.4755048444,1.6093246280
-0.4755048794,1.6093178561
-0.4755049145,1.6093110842
-0.4755049496,1.6093043123
-0.4755049847,1.6092975403
-0.4755050198,1.6092907684
-0.4755050549,1.6092839965
-0.4755050900,1.6092772245
-0.4755051251,1.6092704526
-0.4755051601,1.6092636807
-0.4755051952,1.6092569087
-0.4755052303,1.6092501368
-0.4755052654,1.6092433649
-0.4755053005,1.6092365930
-0.4755053356,1.6092298210
-0.4755053707,1.6092230491
-0.4755054058,1.6092162772
-0.4755054408,1.6092095052
-0.4755054759,1.6092027333
-0.4755055110,1.6091959614
-0.4755055461,1.6091891894
-0.4755055812,1.6091824175
-0.4755226338,1.6091807333
-0.4755396865,1.6091790491
-0.4755567391,1.6091773649
-0.4755737917,1.6091756807
-0.4755908444,1.6091739965
-0.4756078970,1.6091723123
-0.4756249496,1.6091706280
-0.4756420022,1.6091689438
-0.4756590549,1.6091672596
-0.4756761075,1.6091655754
-0.4756931601,1.6091638912
-0.4757102128,1.6091622070
-0.4757272654,1.6091605228
-0.4757443180,1.6091588386
-0.4757613707,1.6091571544
-0.4757784233,1.6091554702
-0.4757954759,1.6091537859
-0.4758125286,1.6091521017
-0.4758295812,1.6091504175
-0.4758327917,1.6091485754
-0.4758360022,1.6091467333
-0.4758392128,1.6091448912
-0.4758424233,1.6091430491
-0.4758456338,1.6091412070
-0.4758488444,1.6091393649
-0.4758520549,1.6091375228
-0.4758552654,1.6091356807
-0.4758584759,1.6091338386
-0.4758616865,1.6091319965
-0.4758648970,1.6091301544
-0.4758681075,1.6091283123
-0.4758713180,1.6091264702
-0.4758745286,1.6091246280
-0.4758777391,1.6091227859
-0.4758809496,1.6091209438
-0.4758841601,1.6091191017
-0.4758873707,1.6091172596
-0.4758905812,1.6091154175
-0.4758925812,1.6091214175
-0.4758925812,1.6091211921
-0.4758925812,1.6091209667
-0.4758925812,1.6091207412
-0.4758925812,1.6091205158
-0.4758925812,1.6091202904
-0.4758925812,1.6091200650
-0.4758925812,1.6091198395
-0.4758925812,1.6091196141
-0.4758925812,1.6091193887
-0.4758925812,1.6091191632
-0.4758925812,1.6091189378
-0.4758925812,1.6091187124
-0.4758925812,1.6091184870
-0.4758925812,1.6091182615
-0.4758925812,1.6091180361
-0.4758925812,1.6091178107
-0.4758925812,1.6091175853
-0.4758925812,1.6091173598
-0.4758925812,1.6091171344
-0.4758925812,1.6091169090
-0.4758925812,1.6091166835
-0.4758925812,1.6091164581
-0.4758925812,1.6091162327
-0.4758925812,1.6091160073
-0.4758925812,1.6091157818
-0.4758925812,1.6091155564
-0.4758925812,1.6091153310
-0.4758925812,1.6091151056
-0.4758925812,1.6091148801
-0.4758925812,1.6091146547
-0.4758925812,1.6091144293
-0.4758925812,1.6091142038
-0.4758925812,1.6091139784
-0.4758925812,1.6091137530
-0.4758925812,1.6091135276
-0.4758925812,1.6091133021
-0.4758925812,1.6091130767
-0.4758925812,1.6091128513
-0.4758925812,1.6091126259
-0.4758925812,1.6091124004
-0.4758925812,1.6091121750
-0.4758925812,1.6091119496
-0.4758925812,1.6091117241
-0.4758925812,1.6091114987
-0.4758925812,1.6091112733
-0.4758925812,1.6091110479
-0.4758925812,1.6091108224
-0.4758925812,1.6091105970
-0.4758925812,1.6091103716
-0.4758925812,1.6091101462
-0.4758925812,1.6091099207
-0.4758925812,1.6091096953
-0.4758925812,1.6091094699
-0.4758925812,1.6091092444
-0.4758925812,1.6091090190
-0.4758925812,1.6091087936
-0.4758925812,1.6091085682
-0.4758925812,1.6091083427
-0.4758925812,1.6091081173
-0.4758925812,1.6091078919
-0.4758925812,1.6091076665
-0.4758925812,1.6091074410
-0.4758925812,1.6091072156
-0.4758925812,1.6091069902
-0.4758925812,1.6091067647
-0.4758925812,1.6091065393
-0.4758925812,1.6091063139
-0.4758925812,1.6091060885
-0.4758925812,1.6091058630
-0.4758925812,1.6091056376
-0.4758925812,1.6091054122
-0.4758925812,1.6091051868
-0.4758925812,1.6091049613
-0.4758925812,1.6091047359
-0.4758925812,1.6091045105
-0.4758925812,1.6091042850
-0.4758925812,1.6091040596
-0.4758925812,1.6091038342
-0.4758925812,1.6091036088
-0.4758925812,1.6091033833
-0.4758925812,1.6091031579
-0.4758925812,1.6091029325
-0.4758925812,1.6091027070
-0.4758925812,1.6091024816
-0.4758925812,1.6091022562
-0.4758925812,1.6091020308
-0.4758925812,1.6091018053
-0.4758925812,1.6091015799
-0.4758925812,1.6091013545
-0.4758925812,1.6091011291
-0.4758925812,1.6091009036
-0.4758925812,1.6091006782
-0.4758925812,1.6091004528
-0.4758925812,1.6091002273
-0.4758925812,1.6091000019
-0.4758925812,1.6090997765
-0.4758925812,1.6090995511
-0.4758925812,1.6090993256
-0.4758925812,1.6090991002
-0.4758925812,1.6090988748
-0.4758925812,1.6090986494
-0.4758925812,1.6090984239
-0.4758925812,1.6090981985
-0.4758925812,1.6090979731
-0.4758925812,1.6090977476
-0.4758925812,1.6090975222
-0.4758925812,1.6090972968
-0.4758925812,1.6090970714
-0.4758925812,1.6090968459
-0.4758925812,1.6090966205
-0.4758925812,1.6090963951
-0.4758925812,1.6090961697
-0.4758925812,1.6090959442
-0.4758925812,1.6090957188
-0.4758925812,1.6090954934
-0.4758925812,1.6090952679
-0.4758925812,1.6090950425
-0.4758925812,1.6090948171
-0.4758925812,1.6090945917
-0.4758925812,1.6090943662
-0.4758925812,1.6090941408
-0.4758925812,1.6090939154
-0.4758925812,1.6090936900
-0.4758925812,1.6090934645
-0.4758925812,1.6090932391
-0.4758925812,1.6090930137
-0.4758925812,1.6090927882
-0.4758925812,1.6090925628
-0.4758925812,1.6090923374
-0.4758925812,1.6090921120
-0.4758925812,1.6090918865
-0.4758925812,1.6090916611
-0.4758925812,1.6090914357
-0.4758925812,1.6090912103
-0.4758925812,1.6090909848
-0.4758925812,1.6090907594
-0.4758925812,1.6090905340
-0.4758925812,1.6090903085
-0.4758925812,1.6090900831
-0.4758925812,1.6090898577
-0.4758925812,1.6090896323
-0.4758925812,1.6090894068
-0.4758925812,1.6090891814
-0.4758925812,1.6090889560
-0.4758925812,1.6090887306
-0.4758925812,1.6090885051
-0.4758925812,1.6090882797
-0.4758925812,1.6090880543
-0.4758925812,1.6090878288
-0.4758925812,1.6090876034
-0.4758925812,1.6090873780
-0.4758925812,1.6090871526
-0.4758925812,1.6090869271
-0.4758925812,1.6090867017
-0.4758925812,1.6090864763
-0.4758925812,1.6090862509
-0.4758925812,1.6090860254
-0.4758925812,1.6090858000
-0.4758925812,1.6090855746
-0.4758925812,1.6090853491
-0.4758925812,1.6090851237
-0.4758925812,1.6090848983
-0.4758925812,1.6090846729
-0.4758925812,1.6090844474
-0.4758925812,1.6090842220
-0.4758925812,1.6090839966
-0.4758925812,1.6090837712
-0.4758925812,1.6090835457
-0.4758925812,1.6090833203
-0.4758925812,1.6090830949
-0.4758925812,1.6090828694
-0.4758925812,1.6090826440
-0.4758925812,1.6090824186
-0.4758925812,1.6090821932
-0.4758925812,1.6090819677
-0.4758925812,1.6090817423
-0.4758925812,1.6090815169
-0.4758925812,1.6090812915
-0.4758925812,1.6090810660
-0.4758925812,1.6090808406
-0.4758925812,1.6090806152
-0.4758925812,1.6090803897
-0.4758925812,1.6090801643
-0.4758925812,1.6090799389
-0.4758925812,1.6090797135
-0.4758925812,1.6090794880
-0.4758925812,1.6090792626
-0.4758925812,1.6090790372
-0.4758925812,1.6090788118
-0.4758925812,1.6090785863
-0.4758925812,1.6090783609
-0.4758925812,1.6090781355
-0.4758925812,1.6090779100
-0.4758925812,1.6090776846
-0.4758925812,1.6090774592
-0.4758925812,1.6090772338
-0.4758925812,1.6090770083
-0.4758925812,1.6090767829
-0.4758925812,1.6090765575
-0.4758925812,1.6090763320
-0.4758925812,1.6090761066
-0.4758925812,1.6090758812
-0.4758925812,1.6090756558
-0.4758925812,1.6090754303
-0.4758925812,1.6090752049
-0.4758925812,1.6090749795
-0.4758925812,1.6090747541
-0.4758925812,1.6090745286
-0.4758925812,1.6090743032
-0.4758925812,1.6090740778
-0.4758925812,1.6090738523
-0.4758925812,1.6090736269
-0.4758925812,1.6090734015
-0.4758925812,1.6090731761
-0.4758925812,1.6090729506
-0.4758925812,1.6090727252
-0.4758925812,1.6090724998
-0.4758925812,1.6090722744
-0.4758925812,1.6090720489
-0.4758925812,1.6090718235
-0.4758925812,1.6090715981
-0.4758925812,1.6090713726
-0.4758925812,1.6090711472
-0.4758925812,1.6090709218
-0.4758925812,1.6090706964
-0.4758925812,1.6090704709
-0.4758925812,1.6090702455
-0.4758925812,1.6090700201
-0.4758925812,1.6090697947
-0.4758925812,1.6090695692
-0.4758925812,1.6090693438
-0.4758925812,1.6090691184
-0.4758925812,1.6090688929
-0.4758925812,1.6090686675
-0.4758925812,1.6090684421
-0.4758925812,1.6090682167
-0.4758925812,1.6090679912
-0.4758925812,1.6090677658
-0.4758925812,1.6090675404
-0.4758925812,1.6090673150
-0.4758925812,1.6090670895
-0.4758925812,1.6090668641
-0.4758925812,1.6090666387
-0.4758925812,1.6090664132
-0.4758925812,1.6090661878
-0.4758925812,1.6090659624
-0.4758925812,1.6090657370
-0.4758925812,1.6090655115
-0.4758925812,1.6090652861
-0.4758925812,1.6090650607
-0.4758925812,1.6090648353
-0.4758925812,1.6090646098
-0.4758925812,1.6090643844
-0.4758925812,1.6090641590
-0.4758925812,1.6090639335
-0.4758925812,1.6090637081
-0.4758925812,1.6090634827
-0.4758925812,1.6090632573
-0.4758925812,1.6090630318
-0.4758925812,1.6090628064
-0.4758925812,1.6090625810
-0.4758925812,1.6090623556
-0.4758925812,1.6090621301
-0.4758925812,1.6090619047
-0.4758925812,1.6090616793
-0.4758925812,1.6090614538
-0.4758925812,1.6090612284
-0.4758925812,1.6090610030
-0.4758925812,1.6090607776
-0.4758925812,1.6090605521
-0.4758925812,1.6090603267
-0.4758925812,1.6090601013
-0.4758925812,1.6090598759
-0.4758925812,1.6090596504
-0.4758925812,1.6090594250
-0.4758925812,1.6090591996
-0.4758925812,1.6090589741
-0.4758925812,1.6090587487
-0.4758925812,1.6090585233
-0.4758925812,1.6090582979
-0.4758925812,1.6090580724
-0.4758925812,1.6090578470
-0.4758925812,1.6090576216
-0.4758925812,1.6090573962
-0.4758925812,1.6090571707
-0.4758925812,1.6090569453
-0.4758925812,1.6090567199
-0.4758925812,1.6090564944
-0.4758925812,1.6090562690
-0.4758925812,1.6090560436
-0.4758925812,1.6090558182
-0.4758925812,1.6090555927
-0.4758925812,1.6090553673
-0.4758925812,1.6090551419
-0.4758925812,1.6090549165
-0.4758925812,1.6090546910
-0.4758925812,1.6090544656
-0.4758925812,1.6090542402
-0.4758925812,1.6090540147
-0.4758925812,1.6090537893
-0.4758925812,1.6090535639
-0.4758925812,1.6090533385
-0.4758925812,1.6090531130
-0.4758925812,1.6090528876
-0.4758925812,1.6090526622
-0.4758925812,1.6090524368
-0.4758925812,1.6090522113
-0.4758925812,1.6090519859
-0.4758925812,1.6090517605
-0.4758925812,1.6090515350
-0.4758925812,1.6090513096
-0.4758925812,1.6090510842
-0.4758925812,1.6090508588
-0.4758925812,1.6090506333
-0.4758925812,1.6090504079
-0.4758925812,1.6090501825
-0.4758925812,1.6090499570
-0.4758925812,1.6090497316
-0.4758925812,1.6090495062
-0.4758925812,1.6090492808
-0.4758925812,1.6090490553
-0.4758925812,1.6090488299
-0.4758925812,1.6090486045
-0.4758925812,1.6090483791
-0.4758925812,1.6090481536
-0.4758925812,1.6090479282
-0.4758925812,1.6090477028
-0.4758925812,1.6090474773
-0.4758925812,1.6090472519
-0.4758925812,1.6090470265
-0.4758925812,1.6090468011
-0.4758925812,1.6090465756
-0.4758925812,1.6090463502
-0.4758925812,1.6090461248
-0.4758925812,1.6090458994
-0.4758925812,1.6090456739
-0.4758925812,1.6090454485
-0.4758925812,1.6090452231
-0.4758925812,1.6090449976
-0.4758925812,1.6090447722
-0.4758925812,1.6090445468
-0.4758925812,1.6090443214
-0.4758925812,1.6090440959
-0.4758925812,1.6090438705
-0.4758925812,1.6090436451
-0.4758925812,1.6090434197
-0.4758925812,1.6090431942
-0.4758925812,1.6090429688
-0.4758925812,1.6090427434
-0.4758925812,1.6090425179
-0.4758925812,1.6090422925
-0.4758925812,1.6090420671
-0.4758925812,1.6090418417
-0.4758925812,1.6090416162
-0.4758925812,1.6090413908
-0.4758925812,1.6090411654
-0.4758925812,1.6090409400
-0.4758925812,1.6090407145
-0.4758925812,1.6090404891
-0.4758925812,1.6090402637
-0.4758925812,1.6090400382
-0.4758925812,1.6090398128
-0.4758925812,1.6090395874
-0.4758925812,1.6090393620
-0.4758925812,1.6090391365
-0.4758925812,1.6090389111
-0.4758925812,1.6090386857
-0.4758925812,1.6090384603
-0.4758925812,1.6090382348
-0.4758925812,1.6090380094
-0.4758925812,1.6090377840
-0.4758925812,1.6090375585
-0.4758925812,1.6090373331
-0.4758925812,1.6090371077
-0.4758925812,1.6090368823
-0.4758925812,1.6090366568
-0.4758925812,1.6090364314
-0.4758925812,1.6090362060
-0.4758925812,1.6090359806
-0.4758925812,1.6090357551
-0.4758925812,1.6090355297
-0.4758925812,1.6090353043
-0.4758925812,1.6090350788
-0.4758925812,1.6090348534
-0.4758925812,1.6090346280
-0.4758925812,1.6090344026
-0.4758925812,1.6090341771
-0.4758925812,1.6090339517
-0.4758925812,1.6090337263
-0.4758925812,1.6090335009
-0.4758925812,1.6090332754
-0.4758925812,1.6090330500
-0.4758925812,1.6090328246
-0.4758925812,1.6090325991
-0.4758925812,1.6090323737
-0.4758925812,1.6090321483
-0.4758925812,1.6090319229
-0.4758925812,1.6090316974
-0.4758925812,1.6090314720
-0.4758925812,1.6090312466
-0.4758925812,1.6090310212
-0.4758925812,1.6090307957
-0.4758925812,1.6090305703
-0.4758925812,1.6090303449
-0.4758925812,1.6090301194
-0.4758925812,1.6090298940
-0.4758925812,1.6090296686
-0.4758925812,1.6090294432
-0.4758925812,1.6090292177
-0.4758925812,1.6090289923
-0.4758925812,1.6090287669
-0.4758925812,1.6090285415
-0.4758925812,1.6090283160
-0.4758925812,1.6090280906
-0.4758925812,1.6090278652
-0.4758925812,1.6090276397
-0.4758925812,1.6090274143
-0.4758925812,1.6090271889
-0.4758925812,1.6090269635
-0.4758925812,1.6090267380
-0.4758925812,1.6090265126
-0.4758925812,1.6090262872
-0.4758925812,1.6090260618
-0.4758925812,1.6090258363
-0.4758925812,1.6090256109
-0.4758925812,1.6090253855
-0.4758925812,1.6090251600
-0.4758925812,1.6090249346
-0.4758925812,1.6090247092
-0.4758925812,1.6090244838
-0.4758925812,1.6090242583
-0.4758925812,1.6090240329
-0.4758925812,1.6090238075
-0.4758925812,1.6090235820
-0.4758925812,1.6090233566
-0.4758925812,1.6090231312
-0.4758925812,1.6090229058
-0.4758925812,1.6090226803
-0.4758925812,1.6090224549
-0.4758925812,1.6090222295
-0.4758925812,1.6090220041
-0.4758925812,1.6090217786
-0.4758925812,1.6090215532
-0.4758925812,1.6090213278
-0.4758925812,1.6090211023
-0.4758925812,1.6090208769
-0.4758925812,1.6090206515
-0.4758925812,1.6090204261
-0.4758925812,1.6090202006
-0.4758925812,1.6090199752
-0.4758925812,1.6090197498
-0.4758925812,1.6090195244
-0.4758925812,1.6090192989
-0.4758925812,1.6090190735
-0.4758925812,1.6090188481
-0.4758925812,1.6090186226
-0.4758925812,1.6090183972
-0.4758925812,1.6090181718
-0.4758925812,1.6090179464
-0.4758925812,1.6090177209
-0.4758925812,1.6090174955
-0.4758925812,1.6090172701
-0.4758925812,1.6090170447
-0.4758925812,1.6090168192
-0.4758925812,1.6090165938
-0.4758925812,1.6090163684
-0.4758925812,1.6090161429
-0.4758925812,1.6090159175
-0.4758925812,1.6090156921
-0.4758925812,1.6090154667
-0.4758925812,1.6090152412
-0.4758925812,1.6090150158
-0.4758925812,1.6090147904
-0.4758925812,1.6090145650
-0.4758925812,1.6090143395
-0.4758925812,1.6090141141
-0.4758925812,1.6090138887
-0.4758925812,1.6090136632
-0.4758925812,1.6090134378
-0.4758925812,1.6090132124
-0.4758925812,1.6090129870
-0.4758925812,1.6090127615
-0.4758925812,1.6090125361
-0.4758925812,1.6090123107
-0.4758925812,1.6090120853
-0.4758925812,1.6090118598
-0.4758925812,1.6090116344
-0.4758925812,1.6090114090
-0.4758925812,1.6090111835
-0.4758925812,1.6090109581
-0.4758925812,1.6090107327
-0.4758925812,1.6090105073
-0.4758925812,1.6090102818
-0.4758925812,1.6090100564
-0.4758925812,1.6090098310
-0.4758925812,1.6090096056
-0.4758925812,1.6090093801
-0.4758925812,1.6090091547
-0.4758925812,1.6090089293
-0.4758925812,1.6090087038
-0.4758925812,1.6090084784
-0.4758925812,1.6090082530
-0.4758925812,1.6090080276
-0.4758925812,1.6090078021
-0.4758925812,1.6090075767
-0.4758925812,1.6090073513
-0.4758925812,1.6090071259
-0.4758925812,1.6090069004
-0.4758925812,1.6090066750
-0.4758925812,1.6090064496
-0.4758925812,1.6090062241
-0.4758925812,1.6090059987
-0.4758925812,1.6090057733
-0.4758925812,1.6090055479
-0.4758925812,1.6090053224
-0.4758925812,1.6090050970
-0.4758925812,1.6090048716
-0.4758925812,1.6090046462
-0.4758925812,1.6090044207
-0.4758925812,1.6090041953
-0.4758925812,1.6090039699
-0.4758925812,1.6090037444
-0.4758925812,1.6090035190
-0.4758925812,1.6090032936
-0.4758925812,1.6090030682
-0.4758925812,1.6090028427
-0.4758925812,1.6090026173
-0.4758925812,1.6090023919
-0.4758925812,1.6090021665
-0.4758925812,1.6090019410
-0.4758925812,1.6090017156
-0.4758925812,1.6090014902
-0.4758925812,1.6090012647
-0.4758925812,1.6090010393
-0.4758925812,1.6090008139
-0.4758925812,1.6090005885
-0.4758925812,1.6090003630
-0.4758925812,1.6090001376
-0.4758925812,1.6089999122
-0.4758925812,1.6089996868
-0.4758925812,1.6089994613
-0.4758925812,1.6089992359
-0.4758925812,1.6089990105
-0.4758925812,1.6089987850
-0.4758925812,1.6089985596
-0.4758925812,1.6089983342
-0.4758925812,1.6089981088
-0.4758925812,1.6089978833
-0.4758925812,1.6089976579
-0.4758925812,1.6089974325
-0.4758925812,1.6089972070
-0.4758925812,1.6089969816
-0.4758925812,1.6089967562
-0.4758925812,1.6089965308
-0.4758925812,1.6089963053
-0.4758925812,1.6089960799
-0.4758925812,1.6089958545
-0.4758925812,1.6089956291
-0.4758925812,1.6089954036
-0.4758925812,1.6089951782
-0.4758925812,1.6089949528
-0.4758925812,1.6089947273
-0.4758925812,1.6089945019
-0.4758925812,1.6089942765
-0.4758925812,1.6089940511
-0.4758925812,1.6089938256
-0.4758925812,1.6089936002
-0.4758925812,1.6089933748
-0.4758925812,1.6089931494
-0.4758925812,1.6089929239
-0.4758925812,1.6089926985
-0.4758925812,1.6089924731
-0.4758925812,1.6089922476
-0.4758925812,1.6089920222
-0.4758925812,1.6089917968
-0.4758925812,1.6089915714
-0.4758925812,1.6089913459
-0.4758925812,1.6089911205
-0.4758925812,1.6089908951
-0.4758925812,1.6089906697
-0.4758925812,1.6089904442
-0.4758925812,1.6089902188
-0.4758925812,1.6089899934
-0.4758925812,1.6089897679
-0.4758925812,1.6089895425
-0.4758925812,1.6089893171
-0.4758925812,1.6089890917
-0.4758925812,1.6089888662
-0.4758925812,1.6089886408
-0.4758925812,1.6089884154
-0.4758925812,1.6089881900
-0.4758925812,1.6089879645
-0.4758925812,1.6089877391
-0.4758925812,1.6089875137
-0.4758925812,1.6089872882
-0.4758925812,1.6089870628
-0.4758925812,1.6089868374
-0.4758925812,1.6089866120
-0.4758925812,1.6089863865
-0.4758925812,1.6089861611
-0.4758925812,1.6089859357
-0.4758925812,1.6089857103
-0.4758925812,1.6089854848
-0.4758925812,1.6089852594
-0.4758925812,1.6089850340
-0.4758925812,1.6089848085
-0.4758925812,1.6089845831
-0.4758925812,1.6089843577
-0.4758925812,1.6089841323
-0.4758925812,1.6089839068
-0.4758925812,1.6089836814
-0.4758925812,1.6089834560
-0.4758925812,1.6089832306
-0.4758925812,1.6089830051
-0.4758925812,1.6089827797
-0.4758925812,1.6089825543
-0.4758925812,1.6089823288
-0.4758925812,1.6089821034
-0.4758925812,1.6089818780
-0.4758925812,1.6089816526
-0.4758925812,1.6089814271
-0.4758925812,1.6089812017
-0.4758925812,1.6089809763
-0.4758925812,1.6089807509
-0.4758925812,1.6089805254
-0.4758925812,1.6089803000
-0.4758925812,1.6089800746
-0.4758925812,1.6089798491
-0.4758925812,1.6089796237
-0.4758925812,1.6089793983
-0.4758925812,1.6089791729
-0.4758925812,1.6089789474
-0.4758925812,1.6089787220
-0.4758925812,1.6089784966
-0.4758925812,1.6089782712
-0.4758925812,1.6089780457
-0.4758925812,1.6089778203
-0.4758925812,1.6089775949
-0.4758925812,1.6089773694
-0.4758925812,1.6089771440
-0.4758925812,1.6089769186
-0.4758925812,1.6089766932
-0.4758925812,1.6089764677
-0.4758925812,1.6089762423
-0.4758925812,1.6089760169
-0.4758925812,1.6089757915
-0.4758925812,1.6089755660
-0.4758925812,1.6089753406
-0.4758925812,1.6089751152
-0.4758925812,1.6089748897
-0.4758925812,1.6089746643
-0.4758925812,1.6089744389
-0.4758925812,1.6089742135
-0.4758925812,1.6089739880
-0.4758925812,1.6089737626
-0.4758925812,1.6089735372
-0.4758925812,1.6089733118
-0.4758925812,1.6089730863
-0.4758925812,1.6089728609
-0.4758925812,1.6089726355
-0.4758925812,1.6089724100
-0.4758925812,1.6089721846
-0.4758925812,1.6089719592
-0.4758925812,1.6089717338
-0.4758925812,1.6089715083
-0.4758925812,1.6089712829
-0.4758925812,1.6089710575
-0.4758925812,1.6089708320
-0.4758925812,1.6089706066
-0.4758925812,1.6089703812
-0.4758925812,1.6089701558
-0.4758925812,1.6089699303
-0.4758925812,1.6089697049
-0.4758925812,1.6089694795
-0.4758925812,1.6089692541
-0.4758925812,1.6089690286
-0.4758925812,1.6089688032
-0.4758925812,1.6089685778
-0.4758925812,1.6089683523
-0.4758925812,1.6089681269
-0.4758925812,1.6089679015
-0.4758925812,1.6089676761
-0.4758925812,1.6089674506
-0.4758925812,1.6089672252
-0.4758925812,1.6089669998
-0.4758925812,1.6089667744
-0.4758925812,1.6089665489
-0.4758925812,1.6089663235
-0.4758925812,1.6089660981
-0.4758925812,1.6089658726
-0.4758925812,1.6089656472
-0.4758925812,1.6089654218
-0.4758925812,1.6089651964
-0.4758925812,1.6089649709
-0.4758925812,1.6089647455
-0.4758925812,1.6089645201
-0.4758925812,1.6089642947
-0.4758925812,1.6089640692
-0.4758925812,1.6089638438
-0.4758925812,1.6089636184
-0.4758925812,1.6089633929
-0.4758925812,1.6089631675
-0.4758925812,1.6089629421
-0.4758925812,1.6089627167
-0.4758925812,1.6089624912
-0.4758925812,1.6089622658
-0.4758925812,1.6089620404
-0.4758925812,1.6089618150
-0.4758925812,1.6089615895
-0.4758925812,1.6089613641
-0.4758925812,1.6089611387
-0.4758925812,1.6089609132
-0.4758925812,1.6089606878
-0.4758925812,1.6089604624
-0.4758925812,1.6089602370
-0.4758925812,1.6089600115
-0.4758925812,1.6089597861
-0.4758925812,1.6089595607
-0.4758925812,1.6089593353
-0.4758925812,1.6089591098
-0.4758925812,1.6089588844
-0.4758925812,1.6089586590
-0.4758925812,1.6089584335
-0.4758925812,1.6089582081
-0.4758925812,1.6089579827
-0.4758925812,1.6089577573
-0.4758925812,1.6089575318
-0.4758925812,1.6089573064
-0.4758925812,1.6089570810
-0.4758925812,1.6089568556
-0.4758925812,1.6089566301
-0.4758925812,1.6089564047
-0.4758925812,1.6089561793
-0.4758925812,1.6089559538
-0.4758925812,1.6089557284
-0.4758925812,1.6089555030
-0.4758925812,1.6089552776
-0.4758925812,1.6089550521
-0.4758925812,1.6089548267
-0.4758925812,1.6089546013
-0.4758925812,1.6089543759
-0.4758925812,1.6089541504
-0.4758925812,1.6089539250
-0.4758925812,1.6089536996
-0.4758925812,1.6089534741
-0.4758925812,1.6089532487
-0.4758925812,1.6089530233
-0.4758925812,1.6089527979
-0.4758925812,1.6089525724
-0.4758925812,1.6089523470
-0.4758925812,1.6089521216
-0.4758925812,1.6089518962
-0.4758925812,1.6089516707
-0.4758925812,1.6089514453
-0.4758925812,1.6089512199
-0.4758925812,1.6089509944
-0.4758925812,1.6089507690
-0.4758925812,1.6089505436
-0.4758925812,1.6089503182
-0.4758925812,1.6089500927
-0.4758925812,1.6089498673
-0.4758925812,1.6089496419
-0.4758925812,1.6089494165
-0.4758925812,1.6089491910
-0.4758925812,1.6089489656
-0.4758925812,1.6089487402
-0.4758925812,1.6089485147
-0.4758925812,1.6089482893
-0.4758925812,1.6089480639
-0.4758925812,1.6089478385
-0.4758925812,1.6089476130
-0.4758925812,1.6089473876
-0.4758925812,1.6089471622
-0.4758925812,1.6089469368
-0.4758925812,1.6089467113
-0.4758925812,1.6089464859
-0.4758925812,1.6089462605
-0.4758925812,1.6089460350
-0.4758925812,1.6089458096
-0.4758925812,1.6089455842
-0.4758925812,1.6089453588
-0.4758925812,1.6089451333
-0.4758925812,1.6089449079
-0.4758925812,1.6089446825
-0.4758925812,1.6089444570
-0.4758925812,1.6089442316
-0.4758925812,1.6089440062
-0.4758925812,1.6089437808
-0.4758925812,1.6089435553
-0.4758925812,1.6089433299
-0.4758925812,1.6089431045
-0.4758925812,1.6089428791
-0.4758925812,1.6089426536
-0.4758925812,1.6089424282
-0.4758925812,1.6089422028
-0.4758925812,1.6089419773
-0.4758925812,1.6089417519
-0.4758925812,1.6089415265
-0.4758925812,1.6089413011
-0.4758925812,1.6089410756
-0.4758925812,1.6089408502
-0.4758925812,1.6089406248
-0.4758925812,1.6089403994
-0.4758925812,1.6089401739
-0.4758925812,1.6089399485
-0.4758925812,1.6089397231
-0.4758925812,1.6089394976
-0.4758925812,1.6089392722
-0.4758925812,1.6089390468
-0.4758925812,1.6089388214
-0.4758925812,1.6089385959
-0.4758925812,1.6089383705
-0.4758925812,1.6089381451
-0.4758925812,1.6089379197
-0.4758925812,1.6089376942
-0.4758925812,1.6089374688
-0.4758925812,1.6089372434
-0.4758925812,1.6089370179
-0.4758925812,1.6089367925
-0.4758925812,1.6089365671
-0.4758925812,1.6089363417
-0.4758925812,1.6089361162
-0.4758925812,1.6089358908
-0.4758925812,1.6089356654
-0.4758925812,1.6089354400
-0.4758925812,1.6089352145
-0.4758925812,1.6089349891
-0.4758925812,1.6089347637
-0.4758925812,1.6089345382
-0.4758925812,1.6089343128
-0.4758925812,1.6089340874
-0.4758925812,1.6089338620
-0.4758925812,1.6089336365
-0.4758925812,1.6089334111
-0.4758925812,1.6089331857
-0.4758925812,1.6089329603
-0.4758925812,1.6089327348
-0.4758925812,1.6089325094
-0.4758925812,1.6089322840
-0.4758925812,1.6089320585
-0.4758925812,1.6089318331
-0.4758925812,1.6089316077
-0.4758925812,1.6089313823
-0.4758925812,1.6089311568
-0.4758925812,1.6089309314
-0.4758925812,1.6089307060
-0.4758925812,1.6089304806
-0.4758925812,1.6089302551
-0.4758925812,1.6089300297
-0.4758925812,1.6089298043
-0.4758925812,1.6089295788
-0.4758925812,1.6089293534
-0.4758925812,1.6089291280
-0.4758925812,1.6089289026
-0.4758925812,1.6089286771
-0.4758925812,1.6089284517
-0.4758925812,1.6089282263
-0.4758925812,1.6089280009
-0.4758925812,1.6089277754
-0.4758925812,1.6089275500
-0.4758925812,1.6089273246
-0.4758925812,1.6089270991
-0.4758925812,1.6089268737
-0.4758925812,1.6089266483
-0.4758925812,1.6089264229
-0.4758925812,1.6089261974
-0.4758925812,1.6089259720
-0.4758925812,1.6089257466
-0.4758925812,1.6089255212
-0.4758925812,1.6089252957
-0.4758925812,1.6089250703
-0.4758925812,1.6089248449
-0.4758925812,1.6089246194
-0.4758925812,1.6089243940
-0.4758925812,1.6089241686
-0.4758925812,1.6089239432
-0.4758925812,1.6089237177
-0.4758925812,1.6089234923
-0.4758925812,1.6089232669
-0.4758925812,1.6089230415
-0.4758925812,1.6089228160
-0.4758925812,1.6089225906
-0.4758925812,1.6089223652
-0.4758925812,1.6089221397
-0.4758925812,1.6089219143
-0.4758925812,1.6089216889
-0.4758925812,1.6089214635
-0.4758925812,1.6089212380
-0.4758925812,1.6089210126
-0.4758925812,1.6089207872
-0.4758925812,1.6089205618
-0.4758925812,1.6089203363
-0.4758925812,1.6089201109
-0.4758925812,1.6089198855
-0.4758925812,1.6089196600
-0.4758925812,1.6089194346
-0.4758925812,1.6089192092
-0.4758925812,1.6089189838
-0.4758925812,1.6089187583
-0.4758925812,1.6089185329
-0.4758925812,1.6089183075
-0.4758925812,1.6089180820
-0.4758925812,1.6089178566
-0.4758925812,1.6089176312
-0.4758925812,1.6089174058
-0.4758925812,1.6089171803
-0.4758925812,1.6089169549
-0.4758925812,1.6089167295
-0.4758925812,1.6089165041
-0.4758925812,1.6089162786
-0.4758925812,1.6089160532
-0.4758925812,1.6089158278
-0.4758925812,1.6089156023
-0.4758925812,1.6089153769
-0.4758925812,1.6089151515
-0.4758925812,1.6089149261
-0.4758925812,1.6089147006
-0.4758925812,1.6089144752
-0.4758925812,1.6089142498
-0.4758925812,1.6089140244
-0.4758925812,1.6089137989
-0.4758925812,1.6089135735
-0.4758925812,1.6089133481
-0.4758925812,1.6089131226
-0.4758925812,1.6089128972
-0.4758925812,1.6089126718
-0.4758925812,1.6089124464
-0.4758925812,1.6089122209
-0.4758925812,1.6089119955
-0.4758925812,1.6089117701
-0.4758925812,1.6089115447
-0.4758925812,1.6089113192
-0.4758925812,1.6089110938
-0.4758925812,1.6089108684
-0.4758925812,1.6089106429
-0.4758925812,1.6089104175
-0.4758925812,1.6084276280
-0.4758925812,1.6079448386
-0.4758925812,1.6074620491
-0.4758925812,1.6069792596
-0.4758925812,1.6064964702
-0.4758925812,1.6060136807
-0.4758925812,1.6055308912
-0.4758925812,1.6050481017
-0.4758925812,1.6045653123
-0.4758925812,1.6040825228
-0.4758925812,1.6035997333
-0.4758925812,1.6031169438
-0.4758925812,1.6026341544
-0.4758925812,1.6021513649
-0.4758925812,1.6016685754
-0.4758925812,1.6011857859
-0.4758925812,1.6007029965
-0.4758925812,1.6002202070
-0.4758925812,1.5997374175
-0.4758925812,1.5984031544
-0.4758925812,1.5970688912
-0.4758925812,1.5957346280
-0.4758925812,1.5944003649
-0.4758925812,1.5930661017
-0.4758925812,1.5917318386
-0.4758925812,1.5903975754
-0.4758925812,1.5890633123
-0.4758925812,1.5877290491
-0.4758925812,1.5863947859
-0.4758925812,1.5850605228
-0.4758925812,1.5837262596
-0.4758925812,1.5823919965
-0.4758925812,1.5810577333
-0.4758925812,1.5797234702
-0.4758925812,1.5783892070
-0.4758925812,1.5770549438
-0.4758925812,1.5757206807
-0.4758925812,1.5743864175
-0.4758925812,1.5719656953
-0.4758925812,1.5695449731
-0.4758925812,1.5671242509
-0.4758925812,1.5647035286
-0.4758925812,1.5622828064
-0.4758925812,1.5598620842
-0.4758925812,1.5574413620
-0.4758925812,1.5550206397
-0.4758925812,1.5525999175
-0.4758925812,1.5501791953
-0.4758925812,1.5477584731
-0.4758925812,1.5453377509
-0.4758925812,1.5429170286
-0.4758925812,1.5404963064
-0.4758925812,1.5380755842
-0.4758925812,1.5356548620
-0.4758925812,1.5332341397
-0.4758925812,1.5308134175
-0.4758925812,1.5278991544
-0.4758925812,1.5249848912
-0.4758925812,1.5220706280
-0.4758925812,1.5191563649
-0.4758925812,1.5162421017
-0.4758925812,1.5133278386
-0.4758925812,1.5104135754
-0.4758925812,1.5074993123
-0.4758925812,1.5045850491
-0.4758925812,1.5016707859
-0.4758925812,1.4987565228
-0.4758925812,1.4958422596
-0.4758925812,1.4929279965
-0.4758925812,1.4900137333
-0.4758925812,1.4870994702
-0.4758925812,1.4841852070
-0.4758925812,1.4812709438
-0.4758925812,1.4783566807
-0.4758925812,1.4754424175
-0.4758926865,1.4724865754
-0.4758927917,1.4695307333
-0.4758928970,1.4665748912
-0.4758930022,1.4636190491
-0.4758931075,1.4606632070
-0.4758932128,1.4577073649
-0.4758933180,1.4547515228
-0.4758934233,1.4517956807
-0.4758935286,1.4488398386
-0.4758936338,1.4458839965
-0.4758937391,1.4429281544
-0.4758938444,1.4399723123
-0.4758939496,1.4370164702
-0.4758940549,1.4340606280
-0.4758941601,1.4311047859
-0.4758942654,1.4281489438
-0.4758943707,1.4251931017
-0.4758944759,1.4222372596
-0.4758945812,1.4192814175
-0.4758948970,1.4166469965
-0.4758952128,1.4140125754
-0.4758955286,1.4113781544
-0.4758958444,1.4087437333
-0.4758961601,1.4061093123
-0.4758964759,1.4034748912
-0.4758967917,1.4008404702
-0.4758971075,1.3982060491
-0.4758974233,1.3955716280
-0.4758977391,1.3929372070
-0.4758980549,1.3903027859
-0.4758983707,1.3876683649
-0.4758986865,1.3850339438
-0.4758990022,1.3823995228
-0.4758993180,1.3797651017
-0.4758996338,1.3771306807
-0.4758999496,1.3744962596
-0.4759002654,1.3718618386
-0.4759005812,1.3692274175
-0.4759014145,1.3668085286
-0.4759022479,1.3643896397
-0.4759030812,1.3619707509
-0.4759039145,1.3595518620
-0.4759047479,1.3571329731
-0.4759055812,1.3547140842
-0.4759064145,1.3522951953
-0.4759072479,1.3498763064
-0.4759080812,1.3474574175
-0.4759089145,1.3450385286
-0.4759097479,1.3426196397
-0.4759105812,1.3402007509
-0.4759114145,1.3377818620
-0.4759122479,1.3353629731
-0.4759130812,1.3329440842
-0.4759139145,1.3305251953
-0.4759147479,1.3281063064
-0.4759155812,1.3256874175
-0.4759165812,1.3235188912
-0.4759175812,1.3213503649
-0.4759185812,1.3191818386
-0.4759195812,1.3170133123
-0.4759205812,1.3148447859
-0.4759215812,1.3126762596
-0.4759225812,1.3105077333
-0.4759235812,1.3083392070
-0.4759245812,1.3061706807
-0.4759255812,1.3040021544
-0.4759265812,1.3018336280
-0.4759275812,1.2996651017
-0.4759285812,1.2974965754
-0.4759295812,1.2953280491
-0.4759305812,1.2931595228
-0.4759315812,1.2909909965
-0.4759325812,1.2888224702
-0.4759335812,1.2866539438
-0.4759345812,1.2844854175
-0.4759639496,1.2823641544
-0.4759933180,1.2802428912
-0.4760226865,1.2781216280
-0.4760520549,1.2760003649
-0.4760814233,1.2738791017
-0.4761107917,1.2717578386
-0.4761401601,1.2696365754
-0.4761695286,1.2675153123
-0.4761988970,1.2653940491
-0.4762282654,1.2632727859
-0.4762576338,1.2611515228
-0.4762870022,1.2590302596
-0.4763163707,1.2569089965
-0.4763457391,1.2547877333
-0.4763751075,1.2526664702
-0.4764044759,1.2505452070
-0.4764338444,1.2484239438
-0.4764632128,1.2463026807
-0.4764925812,1.2441814175
-0.4765154759,1.2420866280
-0.4765383707,1.2399918386
-0.4765612654,1.2378970491
-0.4765841601,1.2358022596
-0.4766070549,1.2337074702
-0.4766299496,1.2316126807
-0.4766528444,1.2295178912
-0.4766757391,1.2274231017
-0.4766986338,1.2253283123
-0.4767215286,1.2232335228
-0.4767444233,1.2211387333
-0.4767673180,1.2190439438
-0.4767902128,1.2169491544
-0.4768131075,1.2148543649
-0.4768360022,1.2127595754
-0.4768588970,1.2106647859
-0.4768817917,1.2085699965
-0.4769046865,1.2064752070
-0.4769275812,1.2043804175
-0.4769500022,1.2024256280
-0.4769724233,1.2004708386
-0.4769948444,1.1985160491
-0.4770172654,1.1965612596
-0.4770396865,1.1946064702
-0.4770621075,1.1926516807
-0.4770845286,1.1906968912
-0.4771069496,1.1887421017
-0.4771293707,1.1867873123
-0.4771517917,1.1848325228
-0.4771742128,1.1828777333
-0.4771966338,1.1809229438
-0.4772190549,1.1789681544
-0.4772414759,1.1770133649
-0.4772638970,1.1750585754
-0.4772863180,1.1731037859
-0.4773087391,1.1711489965
-0.4773311601,1.1691942070
-0.4773535812,1.1672394175
-0.4773633034,1.1653545286
-0.4773730256,1.1634696397
-0.4773827479,1.1615847509
-0.4773924701,1.1596998620
-0.4774021923,1.1578149731
-0.4774119145,1.1559300842
-0.4774216367,1.1540451953
-0.4774313590,1.1521603064
-0.4774410812,1.1502754175
-0.4774508034,1.1483905286
-0.4774605256,1.1465056397
-0.4774702479,1.1446207509
-0.4774799701,1.1427358620
-0.4774896923,1.1408509731
-0.4774994145,1.1389660842
-0.4775091367,1.1370811953
-0.4775188590,1.1351963064
-0.4775285812,1.1333114175
-0.4775400549,1.1318665228
-0.4775515286,1.1304216280
-0.4775630022,1.1289767333
-0.4775744759,1.1275318386
-0.4775859496,1.1260869438
-0.4775974233,1.1246420491
-0.4776088970,1.1231971544
-0.4776203707,1.1217522596
-0.4776318444,1.1203073649
-0.4776433180,1.1188624702
-0.4776547917,1.1174175754
-0.4776662654,1.1159726807
-0.4776777391,1.1145277859
-0.4776892128,1.1130828912
-0.4777006865,1.1116379965
-0.4777121601,1.1101931017
-0.4777236338,1.1087482070
-0.4777351075,1.1073033123
-0.4777465812,1.1058584175
-0.4777575812,1.1043883123
-0.4777685812,1.1029182070
-0.4777795812,1.1014481017
-0.4777905812,1.0999779965
-0.4778015812,1.0985078912
-0.4778125812,1.0970377859
-0.4778235812,1.0955676807
-0.4778345812,1.0940975754
-0.4778455812,1.0926274702
-0.4778565812,1.0911573649
-0.4778675812,1.0896872596
-0.4778785812,1.0882171544
-0.4778895812,1.0867470491
-0.4779005812,1.0852769438
-0.4779115812,1.0838068386
-0.4779225812,1.0823367333
-0.4779335812,1.0808666280
-0.4779445812,1.0793965228
-0.4779555812,1.0779264175
-0.4779664759,1.0764193123
-0.4779773707,1.0749122070
-0.4779882654,1.0734051017
-0.4779991601,1.0718979965
-0.4780100549,1.0703908912
-0.4780209496,1.0688837859
-0.4780318444,1.0673766807
-0.4780427391,1.0658695754
-0.4780536338,1.0643624702
-0.4780645286,1.0628553649
-0.4780754233,1.0613482596
-0.4780863180,1.0598411544
-0.4780972128,1.0583340491
-0.4781081075,1.0568269438
-0.4781190022,1.0553198386
-0.4781298970,1.0538127333
-0.4781407917,1.0523056280
-0.4781516865,1.0507985228
-0.4781625812,1.0492914175
-0.4781767391,1.0477241017
-0.4781908970,1.0461567859
-0.4782050549,1.0445894702
-0.4782192128,1.0430221544
-0.4782333707,1.0414548386
-0.4782475286,1.0398875228
-0.4782616865,1.0383202070
-0.4782758444,1.0367528912
-0.4782900022,1.0351855754
-0.4783041601,1.0336182596
-0.4783183180,1.0320509438
-0.4783324759,1.0304836280
-0.4783466338,1.0289163123
-0.4783607917,1.0273489965
-0.4783749496,1.0257816807
-0.4783891075,1.0242143649
-0.4784032654,1.0226470491
-0.4784174233,1.0210797333
-0.4784315812,1.0195124175
-0.4784542479,1.0177179175
-0.4784769145,1.0159234175
-0.4784995812,1.0141289175
-0.4785222479,1.0123344175
-0.4785449145,1.0105399175
-0.4785675812,1.0087454175
-0.4785902479,1.0069509175
-0.4786129145,1.0051564175
-0.4786355812,1.0033619175
-0.4786582479,1.0015674175
-0.4786809145,0.9997729175
-0.4787035812,0.9979784175
-0.4787262479,0.9961839175
-0.4787489145,0.9943894175
-0.4787715812,0.9925949175
-0.4787942479,0.9908004175
-0.4788169145,0.9890059175
-0.4788395812,0.9872114175
-0.4788552128,0.9855643649
-0.4788708444,0.9839173123
-0.4788864759,0.9822702596
-0.4789021075,0.9806232070
-0.4789177391,0.9789761544
-0.4789333707,0.9773291017
-0.4789490022,0.9756820491
-0.4789646338,0.9740349965
-0.4789802654,0.9723879438
-0.4789958970,0.9707408912
-0.4790115286,0.9690938386
-0.4790271601,0.9674467859
-0.4790427917,0.9657997333
-0.4790584233,0.9641526807
-0.4790740549,0.9625056280
-0.4790896865,0.9608585754
-0.4791053180,0.9592115228
-0.4791209496,0.9575644702
-0.4791365812,0.9559174175
-0.4791407391,0.9550170491
-0.4791448970,0.9541166807
-0.4791490549,0.9532163123
-0.4791532128,0.9523159438
-0.4791573707,0.9514155754
-0.4791615286,0.9505152070
-0.4791656865,0.9496148386
-0.4791698444,0.9487144702
-0.4791740022,0.9478141017
-0.4791781601,0.9469137333
-0.4791823180,0.9460133649
-0.4791864759,0.9451129965
-0.4791906338,0.9442126280
-0.4791947917,0.9433122596
-0.4791989496,0.9424118912
-0.4792031075,0.9415115228
-0.4792072654,0.9406111544
-0.4792114233,0.9397107859
-0.4792155812,0.9388104175
-0.4792155812,0.9387008912
-0.4792155812,0.9385913649
-0.4792155812,0.9384818386
-0.4792155812,0.9383723123
-0.4792155812,0.9382627859
-0.4792155812,0.9381532596
-0.4792155812,0.9380437333
-0.4792155812,0.9379342070
-0.4792155812,0.9378246807
-0.4792155812,0.9377151544
-0.4792155812,0.9376056280
-0.4792155812,0.9374961017
-0.4792155812,0.9373865754
-0.4792155812,0.9372770491
-0.4792155812,0.9371675228
-0.4792155812,0.9370579965
-0.4792155812,0.9369484702
-0.4792155812,0.9368389438
-0.4792155812,0.9367294175
-0.4792155812,0.9367294702
-0.4792155812,0.9367295228
-0.4792155812,0.9367295754
-0.4792155812,0.9367296280
-0.4792155812,0.9367296807
-0.4792155812,0.9367297333
-0.4792155812,0.9367297859
-0.4792155812,0.9367298386
-0.4792155812,0.9367298912
-0.4792155812,0.9367299438
-0.4792155812,0.9367299965
-0.4792155812,0.9367300491
-0.4792155812,0.9367301017
-0.4792155812,0.9367301544
-0.4792155812,0.9367302070
-0.4792155812,0.9367302596
-0.4792155812,0.9367303123
-0.4792155812,0.9367303649
-0.4792155812,0.9367304175
-0.4792155812,0.9367304702
-0.4792155812,0.9367305228
-0.4792155812,0.9367305754
-0.4792155812,0.9367306280
-0.4792155812,0.9367306807
-0.4792155812,0.9367307333
-0.4792155812,0.9367307859
-0.4792155812,0.9367308386
-0.4792155812,0.9367308912
-0.4792155812,0.9367309438
-0.4792155812,0.9367309965
-0.4792155812,0.9367310491
-0.4792155812,0.9367311017
-0.4792155812,0.9367311544
-0.4792155812,0.9367312070
-0.4792155812,0.9367312596
-0.4792155812,0.9367313123
-0.4792155812,0.9367313649
-0.4792155812,0.9367314175
-0.4792153707,0.9367319438
-0.4792151601,0.9367324702
-0.4792149496,0.9367329965
-0.4792147391,0.9367335228
-0.4792145286,0.9367340491
-0.4792143180,0.9367345754
-0.4792141075,0.9367351017
-0.4792138970,0.9367356280
-0.4792136865,0.9367361544
-0.4792134759,0.9367366807
-0.4792132654,0.9367372070
-0.4792130549,0.9367377333
-0.4792128444,0.9367382596
-0.4792126338,0.9367387859
-0.4792124233,0.9367393123
-0.4792122128,0.9367398386
-0.4792120022,0.9367403649
-0.4792117917,0.9367408912
-0.4792115812,0.9367414175
-0.4792115812,0.9367415228
-0.4792115812,0.9367416280
-0.4792115812,0.9367417333
-0.4792115812,0.9367418386
-0.4792115812,0.9367419438
-0.4792115812,0.9367420491
-0.4792115812,0.9367421544
-0.4792115812,0.9367422596
-0.4792115812,0.9367423649
-0.4792115812,0.9367424702
-0.4792115812,0.9367425754
-0.4792115812,0.9367426807
-0.4792115812,0.9367427859
-0.4792115812,0.9367428912
-0.4792115812,0.9367429965
-0.4792115812,0.9367431017
-0.4792115812,0.9367432070
-0.4792115812,0.9367433123
-0.4792115812,0.9367434175
-0.4792114701,0.9367434175
-0.4792113590,0.9367434175
-0.4792112479,0.9367434175
-0.4792111367,0.9367434175
-0.4792110256,0.9367434175
-0.4792109145,0.9367434175
-0.4792108034,0.9367434175
-0.4792106923,0.9367434175
-0.4792105812,0.9367434175
-0.4792104701,0.9367434175
-0.4792103590,0.9367434175
-0.4792102479,0.9367434175
-0.4792101367,0.9367434175
-0.4792100256,0.9367434175
-0.4792099145,0.9367434175
-0.4792098034,0.9367434175
-0.4792096923,0.9367434175
-0.4792095812,0.9367434175
-0.4792095286,0.9367434175
-0.4792094759,0.9367434175
-0.4792094233,0.9367434175
-0.4792093707,0.9367434175
-0.4792093180,0.9367434175
-0.4792092654,0.9367434175
-0.4792092128,0.9367434175
-0.4792091601,0.9367434175
-0.4792091075,0.9367434175
-0.4792090549,0.9367434175
-0.4792090022,0.9367434175
-0.4792089496,0.9367434175
-0.4792088970,0.9367434175
-0.4792088444,0.9367434175
-0.4792087917,0.9367434175
-0.4792087391,0.9367434175
-0.4792086865,0.9367434175
-0.4792086338,0.9367434175
-0.4792085812,0.9367434175
-0.4792085286,0.9367434175
-0.4792084759,0.9367434175
-0.4792084233,0.9367434175
-0.4792083707,0.9367434175
-0.4792083180,0.9367434175
-0.4792082654,0.9367434175
-0.4792082128,0.9367434175
-0.4792081601,0.9367434175
-0.4792081075,0.9367434175
-0.4792080549,0.9367434175
-0.4792080022,0.9367434175
-0.4792079496,0.9367434175
-0.4792078970,0.9367434175
-0.4792078444,0.9367434175
-0.4792077917,0.9367434175
-0.4792077391,0.9367434175
-0.4792076865,0.9367434175
-0.4792076338,0.9367434175
-0.4792075812,0.9367434175
-0.4792075812,0.9367435228
-0.4792075812,0.9367436280
-0.4792075812,0.9367437333
-0.4792075812,0.9367438386
-0.4792075812,0.9367439438
-0.4792075812,0.9367440491
-0.4792075812,0.9367441544
-0.4792075812,0.9367442596
-0.4792075812,0.9367443649
-0.4792075812,0.9367444702
-0.4792075812,0.9367445754
-0.4792075812,0.9367446807
-0.4792075812,0.9367447859
-0.4792075812,0.9367448912
-0.4792075812,0.9367449965
-0.4792075812,0.9367451017
-0.4792075812,0.9367452070
-0.4792075812,0.9367453123
-0.4792075812,0.9367454175
-0.4792075286,0.9367454175
-0.4792074759,0.9367454175
-0.4792074233,0.9367454175
-0.4792073707,0.9367454175
-0.4792073180,0.9367454175
-0.4792072654,0.9367454175
-0.4792072128,0.9367454175
-0.4792071601,0.9367454175
-0.4792071075,0.9367454175
-0.4792070549,0.9367454175
-0.4792070022,0.9367454175
-0.4792069496,0.9367454175
-0.4792068970,0.9367454175
-0.4792068444,0.9367454175
-0.4792067917,0.9367454175
-0.4792067391,0.9367454175
-0.4792066865,0.9367454175
-0.4792066338,0.9367454175
-0.4792065812,0.9367454175
-0.4792065286,0.9367454175
-0.4792064759,0.9367454175
-0.4792064233,0.9367454175
-0.4792063707,0.9367454175
-0.4792063180,0.9367454175
-0.4792062654,0.9367454175
-0.4792062128,0.9367454175
-0.4792061601,0.9367454175
-0.4792061075,0.9367454175
-0.4792060549,0.9367454175
-0.4792060022,0.9367454175
-0.4792059496,0.9367454175
-0.4792058970,0.9367454175
-0.4792058444,0.9367454175
-0.4792057917,0.9367454175
-0.4792057391,0.9367454175
-0.4792056865,0.9367454175
-0.4792056338,0.9367454175
-0.4792055812,0.9367454175
-0.4792055635,0.9367454175
-0.4792055458,0.9367454175
-0.4792055281,0.9367454175
-0.4792055104,0.9367454175
-0.4792054927,0.9367454175
-0.4792054750,0.9367454175
-0.4792054573,0.9367454175
-0.4792054396,0.9367454175
-0.4792054219,0.9367454175
-0.4792054042,0.9367454175
-0.4792053865,0.9367454175
-0.4792053688,0.9367454175
-0.4792053511,0.9367454175
-0.4792053334,0.9367454175
-0.4792053157,0.9367454175
-0.4792052980,0.9367454175
-0.4792052803,0.9367454175
-0.4792052626,0.9367454175
-0.4792052449,0.9367454175
-0.4792052272,0.9367454175
-0.4792052095,0.9367454175
-0.4792051918,0.9367454175
-0.4792051741,0.9367454175
-0.4792051564,0.9367454175
-0.4792051387,0.9367454175
-0.4792051210,0.9367454175
-0.4792051033,0.9367454175
-0.4792050856,0.9367454175
-0.4792050679,0.9367454175
-0.4792050502,0.9367454175
-0.4792050325,0.9367454175
-0.4792050148,0.9367454175
-0.4792049971,0.9367454175
-0.4792049794,0.9367454175
-0.4792049617,0.9367454175
-0.4792049440,0.9367454175
-0.4792049263,0.9367454175
-0.4792049086,0.9367454175
-0.4792048909,0.9367454175
-0.4792048732,0.9367454175
-0.4792048555,0.9367454175
-0.4792048378,0.9367454175
-0.4792048201,0.9367454175
-0.4792048024,0.9367454175
-0.4792047847,0.9367454175
-0.4792047670,0.9367454175
-0.4792047493,0.9367454175
-0.4792047316,0.9367454175
-0.4792047139,0.9367454175
-0.4792046962,0.9367454175
-0.4792046785,0.9367454175
-0.4792046608,0.9367454175
-0.4792046431,0.9367454175
-0.4792046254,0.9367454175
-0.4792046077,0.9367454175
-0.4792045900,0.9367454175
-0.4792045723,0.9367454175
-0.4792045546,0.9367454175
-0.4792045369,0.9367454175
-0.4792045192,0.9367454175
-0.4792045015,0.9367454175
-0.4792044838,0.9367454175
-0.4792044661,0.9367454175
-0.4792044484,0.9367454175
-0.4792044307,0.9367454175
-0.4792044131,0.9367454175
-0.4792043954,0.9367454175
-0.4792043777,0.9367454175
-0.4792043600,0.9367454175
-0.4792043423,0.9367454175
-0.4792043246,0.9367454175
-0.4792043069,0.9367454175
-0.4792042892,0.9367454175
-0.4792042715,0.9367454175
-0.4792042538,0.9367454175
-0.4792042361,0.9367454175
-0.4792042184,0.9367454175
-0.4792042007,0.9367454175
-0.4792041830,0.9367454175
-0.4792041653,0.9367454175
-0.4792041476,0.9367454175
-0.4792041299,0.9367454175
-0.4792041122,0.9367454175
-0.4792040945,0.9367454175
-0.4792040768,0.9367454175
-0.4792040591,0.9367454175
-0.4792040414,0.9367454175
-0.4792040237,0.9367454175
-0.4792040060,0.9367454175
-0.4792039883,0.9367454175
-0.4792039706,0.9367454175
-0.4792039529,0.9367454175
-0.4792039352,0.9367454175
-0.4792039175,0.9367454175
-0.4792038998,0.9367454175
-0.4792038821,0.9367454175
-0.4792038644,0.9367454175
-0.4792038467,0.9367454175
-0.4792038290,0.9367454175
-0.4792038113,0.9367454175
-0.4792037936,0.9367454175
-0.4792037759,0.9367454175
-0.4792037582,0.9367454175
-0.4792037405,0.9367454175
-0.4792037228,0.9367454175
-0.4792037051,0.9367454175
-0.4792036874,0.9367454175
-0.4792036697,0.9367454175
-0.4792036520,0.9367454175
-0.4792036343,0.9367454175
-0.4792036166,0.9367454175
-0.4792035989,0.9367454175
-0.4792035812,0.9367454175
-0.4792035746,0.9367454175
-0.4792035679,0.9367454175
-0.4792035613,0.9367454175
-0.4792035547,0.9367454175
-0.4792035481,0.9367454175
-0.4792035415,0.9367454175
-0.4792035348,0.9367454175
-0.4792035282,0.9367454175
-0.4792035216,0.9367454175
-0.4792035150,0.9367454175
-0.4792035083,0.9367454175
-0.4792035017,0.9367454175
-0.4792034951,0.9367454175
-0.4792034885,0.9367454175
-0.4792034819,0.9367454175
-0.4792034752,0.9367454175
-0.4792034686,0.9367454175
-0.4792034620,0.9367454175
-0.4792034554,0.9367454175
-0.4792034487,0.9367454175
-0.4792034421,0.9367454175
-0.4792034355,0.9367454175
-0.4792034289,0.9367454175
-0.4792034223,0.9367454175
-0.4792034156,0.9367454175
-0.4792034090,0.9367454175
-0.4792034024,0.9367454175
-0.4792033958,0.9367454175
-0.4792033891,0.9367454175
-0.4792033825,0.9367454175
-0.4792033759,0.9367454175
-0.4792033693,0.9367454175
-0.4792033626,0.9367454175
-0.4792033560,0.9367454175
-0.4792033494,0.9367454175
-0.4792033428,0.9367454175
-0.4792033362,0.9367454175
-0.4792033295,0.9367454175
-0.4792033229,0.9367454175
-0.4792033163,0.9367454175
-0.4792033097,0.9367454175
-0.4792033030,0.9367454175
-0.4792032964,0.9367454175
-0.4792032898,0.9367454175
-0.4792032832,0.9367454175
-0.4792032766,0.9367454175
-0.4792032699,0.9367454175
-0.4792032633,0.9367454175
-0.4792032567,0.9367454175
-0.4792032501,0.9367454175
-0.4792032434,0.9367454175
-0.4792032368,0.9367454175
-0.4792032302,0.9367454175
-0.4792032236,0.9367454175
-0.4792032170,0.9367454175
-0.4792032103,0.9367454175
-0.4792032037,0.9367454175
-0.4792031971,0.9367454175
-0.4792031905,0.9367454175
-0.4792031838,0.9367454175
-0.4792031772,0.9367454175
-0.4792031706,0.9367454175
-0.4792031640,0.9367454175
-0.4792031574,0.9367454175
-0.4792031507,0.9367454175
-0.4792031441,0.9367454175
-0.4792031375,0.9367454175
-0.4792031309,0.9367454175
-0.4792031242,0.9367454175
-0.4792031176,0.9367454175
-0.4792031110,0.9367454175
-0.4792031044,0.9367454175
-0.4792030977,0.9367454175
-0.4792030911,0.9367454175
-0.4792030845,0.9367454175
-0.4792030779,0.9367454175
-0.4792030713,0.9367454175
-0.4792030646,0.9367454175
-0.4792030580,0.9367454175
-0.4792030514,0.9367454175
-0.4792030448,0.9367454175
-0.4792030381,0.9367454175
-0.4792030315,0.9367454175
-0.4792030249,0.9367454175
-0.4792030183,0.9367454175
-0.4792030117,0.9367454175
-0.4792030050,0.9367454175
-0.4792029984,0.9367454175
-0.4792029918,0.9367454175
-0.4792029852,0.9367454175
-0.4792029785,0.9367454175
-0.4792029719,0.9367454175
-0.4792029653,0.9367454175
-0.4792029587,0.9367454175
-0.4792029521,0.9367454175
-0.4792029454,0.9367454175
-0.4792029388,0.9367454175
-0.4792029322,0.9367454175
-0.4792029256,0.9367454175
-0.4792029189,0.9367454175
-0.4792029123,0.9367454175
-0.4792029057,0.9367454175
-0.4792028991,0.9367454175
-0.4792028925,0.9367454175
-0.4792028858,0.9367454175
-0.4792028792,0.9367454175
-0.4792028726,0.9367454175
-0.4792028660,0.9367454175
-0.4792028593,0.9367454175
-0.4792028527,0.9367454175
-0.4792028461,0.9367454175
-0.4792028395,0.9367454175
-0.4792028328,0.9367454175
-0.4792028262,0.9367454175
-0.4792028196,0.9367454175
-0.4792028130,0.9367454175
-0.4792028064,0.9367454175
-0.4792027997,0.9367454175
-0.4792027931,0.9367454175
-0.4792027865,0.9367454175
-0.4792027799,0.9367454175
-0.4792027732,0.9367454175
-0.4792027666,0.9367454175
-0.4792027600,0.9367454175
-0.4792027534,0.9367454175
-0.4792027468,0.9367454175
-0.4792027401,0.9367454175
-0.4792027335,0.9367454175
-0.4792027269,0.9367454175
-0.4792027203,0.9367454175
-0.4792027136,0.9367454175
-0.4792027070,0.9367454175
-0.4792027004,0.9367454175
-0.4792026938,0.9367454175
-0.4792026872,0.9367454175
-0.4792026805,0.9367454175
-0.4792026739,0.9367454175
-0.4792026673,0.9367454175
-0.4792026607,0.9367454175
-0.4792026540,0.9367454175
-0.4792026474,0.9367454175
-0.4792026408,0.9367454175
-0.4792026342,0.9367454175
-0.4792026275,0.9367454175
-0.4792026209,0.9367454175
-0.4792026143,0.9367454175
-0.4792026077,0.9367454175
-0.4792026011,0.9367454175
-0.4792025944,0.9367454175
-0.4792025878,0.9367454175
-0.4792025812,0.9367454175
-0.4792025812,0.9367454442
-0.4792025812,0.9367454709
-0.4792025812,0.9367454975
-0.4792025812,0.9367455242
-0.4792025812,0.9367455509
-0.4792025812,0.9367455775
-0.4792025812,0.9367456042
-0.4792025812,0.9367456309
-0.4792025812,0.9367456575
-0.4792025812,0.9367456842
-0.4792025812,0.9367457109
-0.4792025812,0.9367457375
-0.4792025812,0.9367457642
-0.4792025812,0.9367457909
-0.4792025812,0.9367458175
-0.4792025812,0.9367458442
-0.4792025812,0.9367458709
-0.4792025812,0.9367458975
-0.4792025812,0.9367459242
-0.4792025812,0.9367459509
-0.4792025812,0.9367459775
-0.4792025812,0.9367460042
-0.4792025812,0.9367460309
-0.4792025812,0.9367460575
-0.4792025812,0.9367460842
-0.4792025812,0.9367461109
-0.4792025812,0.9367461375
-0.4792025812,0.9367461642
-0.4792025812,0.9367461909
-0.4792025812,0.9367462175
-0.4792025812,0.9367462442
-0.4792025812,0.9367462709
-0.4792025812,0.9367462975
-0.4792025812,0.9367463242
-0.4792025812,0.9367463509
-0.4792025812,0.9367463775
-0.4792025812,0.9367464042
-0.4792025812,0.9367464309
-0.4792025812,0.9367464575
-0.4792025812,0.9367464842
-0.4792025812,0.9367465109
-0.4792025812,0.9367465375
-0.4792025812,0.9367465642
-0.4792025812,0.9367465909
-0.4792025812,0.9367466175
-0.4792025812,0.9367466442
-0.4792025812,0.9367466709
-0.4792025812,0.9367466975
-0.4792025812,0.9367467242
-0.4792025812,0.9367467509
-0.4792025812,0.9367467775
-0.4792025812,0.9367468042
-0.4792025812,0.9367468309
-0.4792025812,0.9367468575
-0.4792025812,0.9367468842
-0.4792025812,0.9367469109
-0.4792025812,0.9367469375
-0.4792025812,0.9367469642
-0.4792025812,0.9367469909
-0.4792025812,0.9367470175
-0.4792025812,0.9367470442
-0.4792025812,0.9367470709
-0.4792025812,0.9367470975
-0.4792025812,0.9367471242
-0.4792025812,0.9367471509
-0.4792025812,0.9367471775
-0.4792025812,0.9367472042
-0.4792025812,0.9367472309
-0.4792025812,0.9367472575
-0.4792025812,0.9367472842
-0.4792025812,0.9367473109
-0.4792025812,0.9367473375
-0.4792025812,0.9367473642
-0.4792025812,0.9367473909
-0.4792025812,0.9367474175
-0.4792025812,0.9367474175
-0.4792025812,0.9367474175
-0.4792025812,0.9367474175
-0.4792025812,0.9367474175
-0.4792025812,0.9367474175
-0.4792025812,0.9367474175
-0.4792025812,0.9367474175
-0.4792025812,0.9367474175
-0.4792025812,0.9367474175
-0.4792025812,0.9367474175
-0.4792025812,0.9367474175
-0.4792025812,0.9367474175
-0.4792025812,0.9367474175
-0.4792025812,0.9367474175
-0.4792025812,0.9367474175
-0.4792025812,0.9367474175
-0.4792025812,0.9367474175
-0.4792025812,0.9367474175
-0.4792025812,0.9367474175
-0.4792025812,0.9367474175
-0.4792025812,0.9367474175
-0.4792025812,0.9367474175
-0.4792025812,0.9367474175
-0.4792025812,0.9367474175
-0.4792025812,0.9367474175
-0.4792025812,0.9367474175
-0.4792025812,0.9367474175
-0.4792025812,0.9367474175
-0.4792025812,0.9367474175
-0.4792025812,0.9367474175
-0.4792025812,0.9367474175
-0.4792025812,0.9367474175
-0.4792025812,0.9367474175
-0.4792025812,0.9367474175
-0.4792025812,0.9367474175
-0.4792025812,0.9367474175
-0.4792025812,0.9367474175
-0.4792025812,0.9367474175
-0.4792025812,0.9367474175
-0.4792025812,0.9367474175
-0.4792025812,0.9367474175
-0.4792025812,0.9367474175
-0.4792025812,0.9367474175
-0.4792025812,0.9367474175
-0.4792025812,0.9367474175
-0.4792025812,0.9367474175
-0.4792025812,0.9367474175
-0.4792025812,0.9367474175
-0.4792025812,0.9367474175
-0.4792025812,0.9367474175
-0.4792025812,0.9367474175
-0.4792025812,0.9367474175
-0.4792025812,0.9367474175
-0.4792025812,0.9367474175
-0.4792025812,0.9367474175
-0.4792025812,0.9367474175
-0.4792025812,0.9367474175
-0.4792025812,0.9367474175
-0.4792025812,0.9367474175
-0.4792025812,0.9367474175
-0.4792025812,0.9367474175
-0.4792025812,0.9367474175
-0.4792025812,0.9367474175
-0.4792025812,0.9367474175
-0.4792025812,0.9367474175
-0.4792025812,0.9367474175
-0.4792025812,0.9367474175
-0.4792025812,0.9367474175
-0.4792025812,0.9367474175
-0.4792025812,0.9367474175
-0.4792025812,0.9367474175
-0.4792025812,0.9367474175
-0.4792025812,0.9367474175
-0.4792025812,0.9367474175
-0.4792025812,0.9367474175
-0.4792025812,0.9367474175
-0.4792025812,0.9367474175
-0.4792025812,0.9367474175
-0.4792025812,0.9367474175
-0.4792025812,0.9367474175
-0.4792025812,0.9367474175
-0.4792025812,0.9367474175
-0.4792025812,0.9367474175
-0.4792025812,0.9367474175
-0.4792025812,0.9367474175
-0.4792025812,0.9367474175
-0.4792025812,0.9367474175
-0.4792025812,0.9367474175
-0.4792025812,0.9367474175
-0.4792025812,0.9367474175
-0.4792025812,0.9367474175
-0.4792025812,0.9367474175
-0.4792025812,0.9367474175
-0.4792025812,0.9367474175
-0.4792025812,0.9367474175
-0.4792025812,0.9367474175
-0.4792025812,0.9367474175
-0.4792025812,0.9367474175
-0.4792025812,0.9367474175
-0.4792025812,0.9367474175
-0.4792025812,0.9367474175
